FIPS,in_Co_190,period,Yield_bu_ac,Prod_g_m2,PPT_wy,Tmax_gs,_90FDays,Pcnt_Cropland_abnd,Grassland,Eros_pct,disturb_min,sand_wt_mean,sandvf_wt_mean,silt_wt_mean,disturbed_wt_mean
19001,yes,drought,36,450.37475,683.5502984,26.9958267,2.25,11.31474598,Tallgrass Prairie,100,59.46,19.49659142,9.013316913,49.24284274,64.65102879
19001,yes,postdrought,46,583.290225,867.2040193,25.00680399,0,8.846128654,Tallgrass Prairie,100,59.46,19.49659142,9.013316913,49.24284274,64.65102879
19001,yes,predrought,39,486.3778286,801.3283281,25.88933441,0.714285714,3.679377516,Tallgrass Prairie,100,59.46,19.49659142,9.013316913,49.24284274,64.65102879
19003,yes,drought,33,409.103475,679.0879354,27.01066667,1.875,23.18345943,Tallgrass Prairie,95.59980715,59.46,19.16723418,8.919894737,49.48712976,64.77687967
19003,yes,postdrought,46,572.619325,854.6815157,25.06775379,0,10.33255802,Tallgrass Prairie,95.59980715,59.46,19.16723418,8.919894737,49.48712976,64.77687967
19003,yes,predrought,37,465.7534,827.9041989,25.95535064,0.714285714,3.380242826,Tallgrass Prairie,95.59980715,59.46,19.16723418,8.919894737,49.48712976,64.77687967
19005,yes,drought,43,535.4281,755.5206311,24.30082858,1.125,6.370849864,Tallgrass Prairie,96.01832276,0,12.43886142,6.218078318,52.39187687,41.77136918
19005,yes,postdrought,53,670.69745,858.333381,23.65247619,0.625,2.45092977,Tallgrass Prairie,96.01832276,0,12.43886142,6.218078318,52.39187687,41.77136918
19005,yes,predrought,38,482.6116286,773.6753604,23.46135239,0,2.051919984,Tallgrass Prairie,96.01832276,0,12.43886142,6.218078318,52.39187687,41.77136918
19007,yes,drought,29,365.00755,770.3187215,26.77954547,0.875,13.52106355,Tallgrass Prairie,82.25306098,51.87,26.64716223,9.569298998,46.02540621,53.03200257
19007,yes,postdrought,37,468.57805,940.0451567,25.58900284,0,8.929824862,Tallgrass Prairie,82.25306098,51.87,26.64716223,9.569298998,46.02540621,53.03200257
19007,yes,predrought,26,329.9908572,959.1850645,25.39020777,0.571428571,6.311165328,Tallgrass Prairie,82.25306098,51.87,26.64716223,9.569298998,46.02540621,53.03200257
19009,yes,drought,39,487.565975,652.726198,26.5165278,2.625,8.747797255,Tallgrass Prairie,98.30316249,61.52,11.28978372,4.508890358,57.96525061,63.73069751
19009,yes,postdrought,54,679.328325,822.0768929,24.68437847,0.125,4.507761004,Tallgrass Prairie,98.30316249,61.52,11.28978372,4.508890358,57.96525061,63.73069751
19009,yes,predrought,41,516.5074286,755.4677184,25.1874365,1,0.69392447,Tallgrass Prairie,98.30316249,61.52,11.28978372,4.508890358,57.96525061,63.73069751
19011,yes,drought,51,638.3709,767.3689661,25.4756159,2.375,8.428070298,Tallgrass Prairie,58.08527755,40,15.39351983,6.033566066,57.58185942,57.87676818
19011,yes,postdrought,57,718.0888,897.3257611,24.57167273,0.25,2.652440614,Tallgrass Prairie,58.08527755,40,15.39351983,6.033566066,57.58185942,57.87676818
19011,yes,predrought,42,532.4689429,848.7197145,24.93373507,1,1.419554296,Tallgrass Prairie,58.08527755,40,15.39351983,6.033566066,57.58185942,57.87676818
19013,yes,drought,46,583.290225,769.8516581,25.22498512,1.75,7.851267759,Tallgrass Prairie,0,42.87,34.33873532,10.41438321,41.50662372,53.80803827
19013,yes,postdrought,54,677.759075,886.4943813,24.31570296,0.25,1.466828212,Tallgrass Prairie,0,42.87,34.33873532,10.41438321,41.50662372,53.80803827
19013,yes,predrought,40,499.4698572,808.6491654,24.69348798,0.285714286,2.256890629,Tallgrass Prairie,0,42.87,34.33873532,10.41438321,41.50662372,53.80803827
19015,yes,drought,47,590.194925,718.0536363,26.14687499,2.375,7.887726436,Tallgrass Prairie,24.35163355,51.43,31.76591474,11.00680873,41.05968287,56.88080872
19015,yes,postdrought,55,686.546875,872.1896021,24.7452699,0.5,4.128732684,Tallgrass Prairie,24.35163355,51.43,31.76591474,11.00680873,41.05968287,56.88080872
19015,yes,predrought,40,506.8229143,767.5197892,25.29718182,0.857142857,0.469283442,Tallgrass Prairie,24.35163355,51.43,31.76591474,11.00680873,41.05968287,56.88080872
19017,yes,drought,42,529.1511,771.5573157,24.83531619,1.75,2.46053193,Tallgrass Prairie,16.97093618,42.87,37.14139858,11.22297854,39.01930678,53.38607302
19017,yes,postdrought,50,621.423,877.0281617,24.13912865,0.25,0.667845674,Tallgrass Prairie,16.97093618,42.87,37.14139858,11.22297854,39.01930678,53.38607302
19017,yes,predrought,38,474.1825143,805.2119745,24.27704202,0.428571429,0.628190688,Tallgrass Prairie,16.97093618,42.87,37.14139858,11.22297854,39.01930678,53.38607302
19019,yes,drought,42,522.717175,778.4293327,24.73150485,1.375,7.592499506,Tallgrass Prairie,10.53021626,42.87,38.47276772,11.79842983,38.17170968,52.59799246
19019,yes,postdrought,47,588.1549,912.6825719,24.16084467,0.375,1.692061734,Tallgrass Prairie,10.53021626,42.87,38.47276772,11.79842983,38.17170968,52.59799246
19019,yes,predrought,33,416.7928,833.5437728,24.19796671,0,1.619744976,Tallgrass Prairie,10.53021626,42.87,38.47276772,11.79842983,38.17170968,52.59799246
19021,yes,drought,44,557.08375,674.7655256,25.55733239,2.375,7.499463404,Tallgrass Prairie,21.09307142,54.03,24.07131208,9.300892337,45.58277985,60.86736983
19021,yes,postdrought,55,696.1193,784.4541624,24.36384377,0.5,4.26233949,Tallgrass Prairie,21.09307142,54.03,24.07131208,9.300892337,45.58277985,60.86736983
19021,yes,predrought,39,483.5083429,700.6999186,24.74235064,0.714285714,0.167136257,Tallgrass Prairie,21.09307142,54.03,24.07131208,9.300892337,45.58277985,60.86736983
19023,yes,drought,41,519.578675,751.7046089,25.21064648,1.75,4.891094876,Tallgrass Prairie,10.98641465,42.87,33.94148494,10.51666533,41.96187021,53.68838497
19023,yes,postdrought,47,595.0596,851.5567045,24.36484091,0.625,1.725414007,Tallgrass Prairie,10.98641465,42.87,33.94148494,10.51666533,41.96187021,53.68838497
19023,yes,predrought,34,428.2707429,773.8629004,24.58505049,0.714285714,1.431932335,Tallgrass Prairie,10.98641465,42.87,33.94148494,10.51666533,41.96187021,53.68838497
19025,yes,drought,47,592.078025,682.1099497,25.91595453,2.5,6.662556587,Tallgrass Prairie,0.986753177,53.56,29.78582988,11.0533729,42.43381718,57.44462744
19025,yes,postdrought,52,657.986525,794.48019,24.66176515,0.75,8.27388716,Tallgrass Prairie,0.986753177,53.56,29.78582988,11.0533729,42.43381718,57.44462744
19025,yes,predrought,39,487.2745429,713.2416883,24.91723809,0.714285714,0.706411402,Tallgrass Prairie,0.986753177,53.56,29.78582988,11.0533729,42.43381718,57.44462744
19027,yes,drought,43,537.781975,655.7808236,26.22102555,2.75,5.674216689,Tallgrass Prairie,57.98109386,53.12,20.13964346,7.356001683,51.06444841,60.37204935
19027,yes,postdrought,55,689.057675,802.2253833,24.78086932,0.5,4.7573093,Tallgrass Prairie,57.98109386,53.12,20.13964346,7.356001683,51.06444841,60.37204935
19027,yes,predrought,40,496.4210286,722.7976783,25.00783117,0.428571429,1.8388562,Tallgrass Prairie,57.98109386,53.12,20.13964346,7.356001683,51.06444841,60.37204935
19029,yes,drought,35,440.0177,663.916828,27.16584063,2.5,11.43043279,Tallgrass Prairie,93.39537368,59.46,13.51237635,5.825242088,55.41504892,64.2703065
19029,yes,postdrought,48,602.27815,850.5474221,25.19548438,0.625,9.056285615,Tallgrass Prairie,93.39537368,59.46,13.51237635,5.825242088,55.41504892,64.2703065
19029,yes,predrought,37,463.4219429,795.6310358,25.83619283,1.142857143,3.282505383,Tallgrass Prairie,93.39537368,59.46,13.51237635,5.825242088,55.41504892,64.2703065
19031,yes,drought,53,660.811175,795.0971411,25.48421296,1.375,9.423631404,Tallgrass Prairie,60.88656242,40,10.54917302,4.998973595,62.3065665,57.94760796
19031,yes,postdrought,62,778.818775,896.7885415,24.58118519,0.125,1.677160554,Tallgrass Prairie,60.88656242,40,10.54917302,4.998973595,62.3065665,57.94760796
19031,yes,predrought,46,574.4351714,880.3528307,24.88678307,0.285714286,0.867522858,Tallgrass Prairie,60.88656242,40,10.54917302,4.998973595,62.3065665,57.94760796
19033,yes,drought,41,514.557075,738.8982944,24.61845574,2,5.40057773,Tallgrass Prairie,6.421789105,52.27,33.33814741,10.94644937,40.68930157,54.38067584
19033,yes,postdrought,49,609.653625,829.483711,23.60949218,0.125,1.351486803,Tallgrass Prairie,6.421789105,52.27,33.33814741,10.94644937,40.68930157,54.38067584
19033,yes,predrought,33,416.2547714,744.8977684,23.87950893,0,1.733973088,Tallgrass Prairie,6.421789105,52.27,33.33814741,10.94644937,40.68930157,54.38067584
19035,yes,drought,41,516.126325,648.2306104,25.60069035,2.125,5.636529044,Tallgrass Prairie,96.0040716,53.12,10.49203753,5.575044369,55.31831617,69.11054747
19035,yes,postdrought,53,664.891225,760.0209089,24.29963919,0.375,4.478284007,Tallgrass Prairie,96.0040716,53.12,10.49203753,5.575044369,55.31831617,69.11054747
19035,yes,predrought,38,475.2585714,666.7168019,24.76436039,0.285714286,0.169147238,Tallgrass Prairie,96.0040716,53.12,10.49203753,5.575044369,55.31831617,69.11054747
19037,yes,drought,37,461.67335,772.0213962,24.58203896,1.25,5.28897567,Tallgrass Prairie,7.300197684,52.27,36.82497974,11.38850184,39.15892604,53.6747845
19037,yes,postdrought,42,523.658725,871.9054222,23.81489286,0.25,1.739451872,Tallgrass Prairie,7.300197684,52.27,36.82497974,11.38850184,39.15892604,53.6747845
19037,yes,predrought,32,406.9289429,795.2295177,23.87551393,0.142857143,1.190191965,Tallgrass Prairie,7.300197684,52.27,36.82497974,11.38850184,39.15892604,53.6747845
19039,yes,drought,30,377.404625,727.3678974,26.67374241,2,30.68850583,Tallgrass Prairie,100,51.87,25.9026026,9.623340595,46.14678216,59.6188202
19039,yes,postdrought,40,498.3938,901.9838251,25.36530305,0.25,6.730260521,Tallgrass Prairie,100,51.87,25.9026026,9.623340595,46.14678216,59.6188202
19039,yes,predrought,35,436.3411714,864.6974669,25.51795671,0.428571429,2.503495934,Tallgrass Prairie,100,51.87,25.9026026,9.623340595,46.14678216,59.6188202
19041,yes,drought,45,569.01005,669.2104121,25.45621874,2.625,5.848893383,Tallgrass Prairie,10.14168726,54.03,22.6903499,8.442019747,46.30842597,63.10236633
19041,yes,postdrought,53,659.241925,759.4356395,24.0132926,0.5,3.904315108,Tallgrass Prairie,10.14168726,54.03,22.6903499,8.442019747,46.30842597,63.10236633
19041,yes,predrought,36,449.9712286,673.4866881,24.90703572,1.142857143,0.126877599,Tallgrass Prairie,10.14168726,54.03,22.6903499,8.442019747,46.30842597,63.10236633
19043,yes,drought,47,586.742575,769.5084892,24.42684791,1.125,6.606033888,Tallgrass Prairie,92.84149014,0,11.63506457,5.671252359,54.06188239,43.89078394
19043,yes,postdrought,56,704.59325,866.0562501,23.97285626,0,1.766023432,Tallgrass Prairie,92.84149014,0,11.63506457,5.671252359,54.06188239,43.89078394
19043,yes,predrought,41,509.1543714,803.9750831,23.95174523,0.142857143,3.79926768,Tallgrass Prairie,92.84149014,0,11.63506457,5.671252359,54.06188239,43.89078394
19045,yes,drought,47,595.6873,810.3330751,25.30674115,1.875,8.706094999,Tallgrass Prairie,30.43667884,0,13.81243351,5.936577118,53.95770545,48.53689932
19045,yes,postdrought,58,730.32895,879.4073782,24.48648673,0.5,2.949325955,Tallgrass Prairie,30.43667884,0,13.81243351,5.936577118,53.95770545,48.53689932
19045,yes,predrought,41,518.8388857,876.9302524,24.78815676,0.428571429,2.035479761,Tallgrass Prairie,30.43667884,0,13.81243351,5.936577118,53.95770545,48.53689932
19047,yes,drought,31,393.88175,612.1212384,26.18159823,2.625,8.590113253,Tallgrass Prairie,95.94083973,50.84,8.905166517,5.073752831,65.20372183,55.90548856
19047,yes,postdrought,51,638.9986,764.8348105,24.57386162,0.375,5.098008192,Tallgrass Prairie,95.94083973,50.84,8.905166517,5.073752831,65.20372183,55.90548856
19047,yes,predrought,39,487.2745429,690.1142475,24.96316582,1.285714286,0.817645628,Tallgrass Prairie,95.94083973,50.84,8.905166517,5.073752831,65.20372183,55.90548856
19049,yes,drought,43,536.99735,685.3668183,26.49643434,2.875,17.37362798,Tallgrass Prairie,43.34072528,51.43,29.3761047,10.60010081,42.93334898,57.61950958
19049,yes,postdrought,55,689.52845,865.9363133,25.0095884,0.25,7.33003735,Tallgrass Prairie,43.34072528,51.43,29.3761047,10.60010081,42.93334898,57.61950958
19049,yes,predrought,42,526.0126,774.2556708,25.49952383,1.285714286,0.756425486,Tallgrass Prairie,43.34072528,51.43,29.3761047,10.60010081,42.93334898,57.61950958
19051,yes,drought,31,394.1956,787.6254067,27.06793022,1.75,22.13622536,Tallgrass Prairie,97.79966101,51.87,28.81811208,10.0707669,46.81523674,54.03042633
19051,yes,postdrought,39,483.799775,939.5450869,25.97386339,0,7.153303972,Tallgrass Prairie,97.79966101,51.87,28.81811208,10.0707669,46.81523674,54.03042633
19051,yes,predrought,27,343.9796,982.954302,25.62521927,0.857142857,3.117391614,Tallgrass Prairie,97.79966101,51.87,28.81811208,10.0707669,46.81523674,54.03042633
19053,yes,drought,29,359.829025,747.0380965,26.66377558,0.75,20.957685,Tallgrass Prairie,92.75604533,51.87,27.73103117,9.638604967,45.69227989,57.5063551
19053,yes,postdrought,37,467.0088,922.9083241,25.33863352,0,11.92300933,Tallgrass Prairie,92.75604533,51.87,27.73103117,9.638604967,45.69227989,57.5063551
19053,yes,predrought,31,392.4021714,913.4081652,25.53662663,0.428571429,5.001552384,Tallgrass Prairie,92.75604533,51.87,27.73103117,9.638604967,45.69227989,57.5063551
19055,yes,drought,45,561.7915,785.7613135,24.45900756,1.375,4.239749936,Tallgrass Prairie,41.48291253,42.87,29.00853664,9.690711012,46.53098299,52.35807276
19055,yes,postdrought,53,666.30355,895.9009847,23.76958082,0.125,1.988589128,Tallgrass Prairie,41.48291253,42.87,29.00853664,9.690711012,46.53098299,52.35807276
19055,yes,predrought,38,472.5684286,845.7428716,24.01709092,0.428571429,1.020122539,Tallgrass Prairie,41.48291253,42.87,29.00853664,9.690711012,46.53098299,52.35807276
19057,yes,drought,44,551.277525,814.0862496,26.29254391,1.625,18.25169039,Tallgrass Prairie,45.04932735,51.27,21.23653609,8.58526711,50.5214329,54.33799971
19057,yes,postdrought,56,699.2578,924.8139868,25.11581758,0.375,4.713969492,Tallgrass Prairie,45.04932735,51.27,21.23653609,8.58526711,50.5214329,54.33799971
19057,yes,predrought,39,495.3449714,947.3164672,25.16127025,0.571428571,4.207353316,Tallgrass Prairie,45.04932735,51.27,21.23653609,8.58526711,50.5214329,54.33799971
19059,yes,drought,41,519.264825,654.0440339,24.72986363,2,6.713118749,Tallgrass Prairie,4.013563895,54.03,30.7730112,10.27582096,38.43061612,53.68251073
19059,yes,postdrought,48,607.92745,746.9157953,23.38343939,0.375,4.882274756,Tallgrass Prairie,4.013563895,54.03,30.7730112,10.27582096,38.43061612,53.68251073
19059,yes,predrought,33,420.0209714,654.571515,24.36770563,1.142857143,0.433718163,Tallgrass Prairie,4.013563895,54.03,30.7730112,10.27582096,38.43061612,53.68251073
19061,yes,drought,44,557.08375,792.374217,24.47961449,1.25,8.395720498,Tallgrass Prairie,92.15465466,0,14.07182395,6.335150151,56.3904193,46.2789969
19061,yes,postdrought,57,710.713325,868.0217987,23.58747665,0,3.577986071,Tallgrass Prairie,92.15465466,0,14.07182395,6.335150151,56.3904193,46.2789969
19061,yes,predrought,38,471.4923714,836.4206943,24.05297465,0.142857143,1.655510252,Tallgrass Prairie,92.15465466,0,14.07182395,6.335150151,56.3904193,46.2789969
19063,yes,drought,44,554.416025,674.3483854,25.05828124,1.625,7.656351695,Tallgrass Prairie,12.10169775,53.56,30.63700328,10.86639799,40.77028268,55.63600988
19063,yes,postdrought,53,660.183475,772.8692361,23.57917014,0.375,4.800932284,Tallgrass Prairie,12.10169775,53.56,30.63700328,10.86639799,40.77028268,55.63600988
19063,yes,predrought,35,439.5693429,666.3676986,24.6579881,0.571428571,0.71130126,Tallgrass Prairie,12.10169775,53.56,30.63700328,10.86639799,40.77028268,55.63600988
19065,yes,drought,41,519.7356,778.9619936,24.42616943,1.375,5.577593364,Tallgrass Prairie,30.65463701,0,27.24727167,9.203853877,42.82030328,48.47495579
19065,yes,postdrought,48,600.551975,880.5234812,23.92172519,0.25,1.804603884,Tallgrass Prairie,30.65463701,0,27.24727167,9.203853877,42.82030328,48.47495579
19065,yes,predrought,35,442.4388286,822.1504837,23.88299882,0.428571429,1.615561179,Tallgrass Prairie,30.65463701,0,27.24727167,9.203853877,42.82030328,48.47495579
19067,yes,drought,39,495.2553,751.5412175,24.81179871,1.875,5.432719891,Tallgrass Prairie,10.96686027,42.87,32.87200585,10.36746685,42.65353009,54.30476193
19067,yes,postdrought,45,570.89315,847.04487,23.96422728,0.125,1.781931994,Tallgrass Prairie,10.96686027,42.87,32.87200585,10.36746685,42.65353009,54.30476193
19067,yes,predrought,33,408.9017143,766.8304078,24.15391094,0.285714286,1.862732899,Tallgrass Prairie,10.96686027,42.87,32.87200585,10.36746685,42.65353009,54.30476193
19069,yes,drought,45,563.517675,743.8171646,25.09883333,2.375,4.805111426,Tallgrass Prairie,0,52.27,27.5538942,9.654330786,45.53458628,57.1679662
19069,yes,postdrought,52,653.74955,834.0985303,24.03445601,0,2.006566227,Tallgrass Prairie,0,52.27,27.5538942,9.654330786,45.53458628,57.1679662
19069,yes,predrought,37,461.2698286,760.0410715,24.35169312,0.428571429,1.37021822,Tallgrass Prairie,0,52.27,27.5538942,9.654330786,45.53458628,57.1679662
19071,yes,drought,34,423.226725,658.3305358,27.9702381,2.875,18.29587596,Tallgrass Prairie,55.43096359,46.5,9.664275815,4.897295382,60.56153761,59.82908037
19071,yes,postdrought,45,560.065325,863.7056846,26.28739286,1.5,15.07255161,Tallgrass Prairie,55.43096359,46.5,9.664275815,4.897295382,60.56153761,59.82908037
19071,yes,predrought,38,471.3130286,818.5923634,26.56577552,1.285714286,12.8322728,Tallgrass Prairie,55.43096359,46.5,9.664275815,4.897295382,60.56153761,59.82908037
19073,yes,drought,45,560.379175,685.2234237,26.21180965,2,6.971488113,Tallgrass Prairie,20.1728912,53.56,31.23495325,11.05135157,41.39431844,57.38316729
19073,yes,postdrought,54,680.4268,831.7787075,24.85750284,0.25,5.734580867,Tallgrass Prairie,20.1728912,53.56,31.23495325,11.05135157,41.39431844,57.38316729
19073,yes,predrought,38,477.9487143,743.4557629,25.24183119,0.142857143,0.694646413,Tallgrass Prairie,20.1728912,53.56,31.23495325,11.05135157,41.39431844,57.38316729
19075,yes,drought,51,644.6479,763.7224683,25.34266987,2.125,6.560286933,Tallgrass Prairie,0.28091099,42.87,14.15230417,5.772960794,58.38406872,58.56308661
19075,yes,postdrought,61,763.126275,872.9098717,24.39239424,0.25,1.977037866,Tallgrass Prairie,0.28091099,42.87,14.15230417,5.772960794,58.38406872,58.56308661
19075,yes,predrought,42,531.2135429,801.3075823,24.77908792,0.428571429,0.381065846,Tallgrass Prairie,0.28091099,42.87,14.15230417,5.772960794,58.38406872,58.56308661
19077,yes,drought,38,473.59965,671.6400476,26.64183333,2.5,14.53506929,Tallgrass Prairie,85.29603123,54.03,21.91954771,9.147105707,48.22435306,61.73567133
19077,yes,postdrought,52,658.77115,845.6816786,24.70447381,0.25,7.769190792,Tallgrass Prairie,85.29603123,54.03,21.91954771,9.147105707,48.22435306,61.73567133
19077,yes,predrought,39,486.0191429,769.734979,25.49793742,1,1.447958637,Tallgrass Prairie,85.29603123,54.03,21.91954771,9.147105707,48.22435306,61.73567133
19079,yes,drought,48,597.727325,716.566335,25.85131819,2.5,6.373631146,Tallgrass Prairie,0.224684819,51.43,29.58468925,10.17127762,40.63173277,60.83507549
19079,yes,postdrought,54,679.328325,835.0043754,24.5059574,0.25,4.359892269,Tallgrass Prairie,0.224684819,51.43,29.58468925,10.17127762,40.63173277,60.83507549
19079,yes,predrought,41,512.9205714,759.1135876,25.14763963,0.714285714,1.60895882,Tallgrass Prairie,0.224684819,51.43,29.58468925,10.17127762,40.63173277,60.83507549
19081,yes,drought,43,538.88045,708.8980394,24.97240341,2.375,5.566507953,Tallgrass Prairie,21.08045248,54.03,29.98906346,10.67588868,41.56636819,58.96246052
19081,yes,postdrought,51,637.272425,800.3026705,23.78718466,0.5,3.917482005,Tallgrass Prairie,21.08045248,54.03,29.98906346,10.67588868,41.56636819,58.96246052
19081,yes,predrought,36,452.1233429,713.9640584,24.16778895,0.285714286,1.935336721,Tallgrass Prairie,21.08045248,54.03,29.98906346,10.67588868,41.56636819,58.96246052
19083,yes,drought,47,594.74575,740.5002779,25.49236943,2.375,4.952647105,Tallgrass Prairie,14.77698921,51.43,25.86508715,9.642477866,46.73331258,57.73603305
19083,yes,postdrought,55,694.8639,850.1984032,24.29997777,0,3.093190649,Tallgrass Prairie,14.77698921,51.43,25.86508715,9.642477866,46.73331258,57.73603305
19083,yes,predrought,39,486.3778286,778.5828257,24.83260001,0.714285714,1.000552164,Tallgrass Prairie,14.77698921,51.43,25.86508715,9.642477866,46.73331258,57.73603305
19085,yes,drought,27,343.03805,586.556536,27.26828813,3.5,15.39909032,Tallgrass Prairie,62.91477984,46.5,9.725775078,5.438177895,63.16383158,57.3459476
19085,yes,postdrought,47,593.961125,774.5162286,25.64568008,1.125,12.89834,Tallgrass Prairie,62.91477984,46.5,9.725775078,5.438177895,63.16383158,57.3459476
19085,yes,predrought,37,469.5196,710.7876759,25.77019612,0.857142857,1.336670888,Tallgrass Prairie,62.91477984,46.5,9.725775078,5.438177895,63.16383158,57.3459476
19087,yes,drought,45,564.61615,808.1687896,26.57611719,1.875,15.14365509,Tallgrass Prairie,53.81503351,51.27,23.4799699,9.45314437,50.05821663,57.1695934
19087,yes,postdrought,55,686.233025,919.6595304,25.57581641,0.25,3.281241031,Tallgrass Prairie,53.81503351,51.27,23.4799699,9.45314437,50.05821663,57.1695934
19087,yes,predrought,41,512.0238572,954.2180357,25.23695982,0.714285714,0.998717182,Tallgrass Prairie,53.81503351,51.27,23.4799699,9.45314437,50.05821663,57.1695934
19089,yes,drought,37,459.947175,754.5507956,23.8429513,1.5,8.45735555,Tallgrass Prairie,9.769555339,0,34.7190514,11.00505973,40.08241055,52.41604216
19089,yes,postdrought,39,493.68605,852.8537822,23.14383765,0,1.132467416,Tallgrass Prairie,9.769555339,0,34.7190514,11.00505973,40.08241055,52.41604216
19089,yes,predrought,29,362.6312572,769.0852135,23.13744713,0.142857143,2.466484126,Tallgrass Prairie,9.769555339,0,34.7190514,11.00505973,40.08241055,52.41604216
19091,yes,drought,47,595.216525,709.0108709,25.38238635,2.375,7.597043714,Tallgrass Prairie,0,53.56,30.46438442,11.1209937,42.17867109,57.36319597
19091,yes,postdrought,55,696.1193,796.6668557,24.04114015,0.75,3.942227253,Tallgrass Prairie,0,53.56,30.46438442,11.1209937,42.17867109,57.36319597
19091,yes,predrought,39,493.5515429,709.3586358,24.74818616,1,0.798524364,Tallgrass Prairie,0,53.56,30.46438442,11.1209937,42.17867109,57.36319597
19093,yes,drought,35,439.233075,625.8484998,25.79940937,2.375,6.987502236,Tallgrass Prairie,98.08768282,50.84,8.896487423,5.223883394,61.05070808,62.50195535
19093,yes,postdrought,53,671.32515,757.6573596,24.41286561,0.625,8.411904219,Tallgrass Prairie,98.08768282,50.84,8.896487423,5.223883394,61.05070808,62.50195535
19093,yes,predrought,36,453.1994,674.476214,24.81259642,0.857142857,0.563936482,Tallgrass Prairie,98.08768282,50.84,8.896487423,5.223883394,61.05070808,62.50195535
19095,yes,drought,48,596.315,753.7910734,25.96973991,2.125,19.0355404,Tallgrass Prairie,74.12504916,40,16.66044078,7.812540855,56.14782524,58.12020738
19095,yes,postdrought,55,693.451575,893.0471217,24.68803031,0.25,2.607384929,Tallgrass Prairie,74.12504916,40,16.66044078,7.812540855,56.14782524,58.12020738
19095,yes,predrought,43,543.9468857,877.1259022,25.14523233,0.714285714,1.503347675,Tallgrass Prairie,74.12504916,40,16.66044078,7.812540855,56.14782524,58.12020738
19097,yes,drought,47,584.70255,800.2867799,24.89858333,1.25,10.92159004,Tallgrass Prairie,91.3695504,0,11.12478885,5.163102706,49.48130736,40.00856132
19097,yes,postdrought,55,689.2146,869.8451387,23.98890404,0.375,3.687580643,Tallgrass Prairie,91.3695504,0,11.12478885,5.163102706,49.48130736,40.00856132
19097,yes,predrought,38,480.2801714,861.4505054,24.45881384,0.285714286,2.170867569,Tallgrass Prairie,91.3695504,0,11.12478885,5.163102706,49.48130736,40.00856132
19099,yes,drought,46,575.6009,739.6131548,26.13322221,1.75,15.86731108,Tallgrass Prairie,86.73899305,40,15.20872046,6.784264986,57.88689831,57.64072613
19099,yes,postdrought,54,682.3099,903.82001,25.18111112,0.375,4.458359558,Tallgrass Prairie,86.73899305,40,15.20872046,6.784264986,57.88689831,57.64072613
19099,yes,predrought,43,535.6971143,831.9366895,25.33527892,0.857142857,1.266780304,Tallgrass Prairie,86.73899305,40,15.20872046,6.784264986,57.88689831,57.64072613
19101,yes,drought,38,479.24895,799.5186744,26.75885607,1.125,19.24016362,Tallgrass Prairie,62.32299616,51.27,22.97410554,9.444035616,50.43268469,57.36113937
19101,yes,postdrought,47,585.0164,919.7303409,25.75245456,0.5,4.733360738,Tallgrass Prairie,62.32299616,51.27,22.97410554,9.444035616,50.43268469,57.36113937
19101,yes,predrought,33,412.8472572,965.3184852,25.48350214,0.571428571,2.10446265,Tallgrass Prairie,62.32299616,51.27,22.97410554,9.444035616,50.43268469,57.36113937
19103,yes,drought,49,614.047525,780.2779088,25.66808412,1.375,12.18384653,Tallgrass Prairie,54.68837037,40,18.34582373,7.283951206,55.34236641,54.75016949
19103,yes,postdrought,59,744.922975,889.3527647,24.66053126,0.125,2.430036896,Tallgrass Prairie,54.68837037,40,18.34582373,7.283951206,55.34236641,54.75016949
19103,yes,predrought,43,539.2839714,884.0146974,24.92504121,0.571428571,1.273963913,Tallgrass Prairie,54.68837037,40,18.34582373,7.283951206,55.34236641,54.75016949
19105,yes,drought,50,629.5831,791.4467668,24.98666576,1.375,9.152239108,Tallgrass Prairie,58.69754951,0,21.79995907,7.871042353,52.27779586,51.65244852
19105,yes,postdrought,58,723.7381,883.5890483,24.17354077,0.25,1.964862858,Tallgrass Prairie,58.69754951,0,21.79995907,7.871042353,52.27779586,51.65244852
19105,yes,predrought,42,529.2407714,860.2403418,24.56983851,0.142857143,1.851305877,Tallgrass Prairie,58.69754951,0,21.79995907,7.871042353,52.27779586,51.65244852
19107,yes,drought,43,539.665075,760.3445053,26.55621094,2.5,14.8897607,Tallgrass Prairie,87.69948311,51.27,20.00658625,8.539776246,53.75901943,56.7228002
19107,yes,postdrought,52,651.5526,904.4323302,25.31661979,0.5,3.641799158,Tallgrass Prairie,87.69948311,51.27,20.00658625,8.539776246,53.75901943,56.7228002
19107,yes,predrought,39,485.6604572,920.6161311,25.35722916,1,1.714063649,Tallgrass Prairie,87.69948311,51.27,20.00658625,8.539776246,53.75901943,56.7228002
19109,yes,drought,44,547.04055,689.3221188,25.13657304,2.125,5.556747801,Tallgrass Prairie,0,53.56,30.11209625,10.72387253,41.27655795,58.16582361
19109,yes,postdrought,50,633.820075,786.6327028,23.8476802,0.375,4.705688521,Tallgrass Prairie,0,53.56,30.11209625,10.72387253,41.27655795,58.16582361
19109,yes,predrought,37,464.3186572,689.5915954,24.52841187,0.428571429,0.695580581,Tallgrass Prairie,0,53.56,30.11209625,10.72387253,41.27655795,58.16582361
19111,yes,drought,35,433.897625,834.5237921,26.60396631,1.625,13.22028587,Tallgrass Prairie,58.5254116,41.86,25.87282625,9.300615179,46.49730071,52.92935552
19111,yes,postdrought,44,550.649825,945.7504635,25.54752527,0.125,6.652655344,Tallgrass Prairie,58.5254116,41.86,25.87282625,9.300615179,46.49730071,52.92935552
19111,yes,predrought,32,396.1683714,982.8415408,25.41343499,0.571428571,7.807602836,Tallgrass Prairie,58.5254116,41.86,25.87282625,9.300615179,46.49730071,52.92935552
19113,yes,drought,46,582.034825,782.9375986,25.2257193,1.5,10.02681841,Tallgrass Prairie,41.45011229,40,22.02077788,7.904466713,52.20841307,55.81255851
19113,yes,postdrought,54,677.916,902.6652744,24.41397587,0.25,2.198850557,Tallgrass Prairie,41.45011229,40,22.02077788,7.904466713,52.20841307,55.81255851
19113,yes,predrought,39,493.9102286,862.0963282,24.8059549,0.571428571,1.41866201,Tallgrass Prairie,41.45011229,40,22.02077788,7.904466713,52.20841307,55.81255851
19115,yes,drought,43,535.585025,799.5506146,26.16137296,1.25,23.77429861,Tallgrass Prairie,25.69967457,37.03,21.7308105,8.190430264,52.22891853,54.05025019
19115,yes,postdrought,54,675.562125,899.9906766,25.14825,0.25,5.939656137,Tallgrass Prairie,25.69967457,37.03,21.7308105,8.190430264,52.22891853,54.05025019
19115,yes,predrought,38,482.9703143,926.4646598,24.97947539,0.571428571,6.292480479,Tallgrass Prairie,25.69967457,37.03,21.7308105,8.190430264,52.22891853,54.05025019
19117,yes,drought,30,374.579975,739.5947157,26.78774621,1.5,12.75879307,Tallgrass Prairie,99.46605625,51.87,26.12305605,9.554127025,47.24596769,56.93593554
19117,yes,postdrought,38,479.5628,923.7669323,25.48721214,0.375,10.14858881,Tallgrass Prairie,99.46605625,51.87,26.12305605,9.554127025,47.24596769,56.93593554
19117,yes,predrought,33,418.7655714,890.2597182,25.3814762,0.428571429,1.843140872,Tallgrass Prairie,99.46605625,51.87,26.12305605,9.554127025,47.24596769,56.93593554
19119,yes,drought,34,432.956075,598.8235643,25.41397772,2.5,5.802207714,Tallgrass Prairie,78.72286012,55.23,11.04492852,4.794220193,56.3707749,64.62579412
19119,yes,postdrought,47,592.5488,716.7585022,24.05547525,0.5,4.399695284,Tallgrass Prairie,78.72286012,55.23,11.04492852,4.794220193,56.3707749,64.62579412
19119,yes,predrought,32,400.2932572,621.1332106,24.90751344,1.714285714,0.207701963,Tallgrass Prairie,78.72286012,55.23,11.04492852,4.794220193,56.3707749,64.62579412
19121,yes,drought,37,467.95035,694.4558378,26.78038355,2.375,30.57329562,Tallgrass Prairie,99.9941042,57.31,20.1522349,9.170790738,48.82106129,63.14824844
19121,yes,postdrought,47,587.21335,883.868381,25.03903124,0.25,6.272050419,Tallgrass Prairie,99.9941042,57.31,20.1522349,9.170790738,48.82106129,63.14824844
19121,yes,predrought,38,480.4595143,798.4204383,25.68626624,0.571428571,2.909486204,Tallgrass Prairie,99.9941042,57.31,20.1522349,9.170790738,48.82106129,63.14824844
19123,yes,drought,42,528.20955,752.6841335,26.54641192,1.875,19.43751819,Tallgrass Prairie,75.55882137,51.27,19.221156,8.613656365,53.81513191,57.83825103
19123,yes,postdrought,52,657.986525,904.256122,25.36557101,0.375,3.801472593,Tallgrass Prairie,75.55882137,51.27,19.221156,8.613656365,53.81513191,57.83825103
19123,yes,predrought,40,503.5947429,906.5723211,25.36717208,0.857142857,0.937256634,Tallgrass Prairie,75.55882137,51.27,19.221156,8.613656365,53.81513191,57.83825103
19125,yes,drought,38,477.6797,736.2261647,26.65776704,2.125,16.04607713,Tallgrass Prairie,82.19596897,55.06,18.51621761,8.529351196,51.76618656,57.69040976
19125,yes,postdrought,48,596.62885,902.2757664,25.63280114,0.875,4.4242459,Tallgrass Prairie,82.19596897,55.06,18.51621761,8.529351196,51.76618656,57.69040976
19125,yes,predrought,36,453.3787429,854.8917045,25.40510714,0.428571429,3.07518662,Tallgrass Prairie,82.19596897,55.06,18.51621761,8.529351196,51.76618656,57.69040976
19127,yes,drought,51,645.118675,758.1746025,25.59105397,2.5,7.067927624,Tallgrass Prairie,46.7320481,51.43,10.95668988,5.204352663,61.21251836,58.93098757
19127,yes,postdrought,61,759.517,902.4284377,24.68776138,1,3.67499695,Tallgrass Prairie,46.7320481,51.43,10.95668988,5.204352663,61.21251836,58.93098757
19127,yes,predrought,43,538.9252857,806.9568509,24.93313638,1.142857143,1.633709735,Tallgrass Prairie,46.7320481,51.43,10.95668988,5.204352663,61.21251836,58.93098757
19129,yes,drought,34,421.1867,648.0589853,27.8219384,2.875,12.82248749,Tallgrass Prairie,67.37594914,46.5,9.662610881,5.008721124,62.42649621,58.4381111
19129,yes,postdrought,48,603.376625,856.0748549,26.0643732,1.25,14.42910845,Tallgrass Prairie,67.37594914,46.5,9.662610881,5.008721124,62.42649621,58.4381111
19129,yes,predrought,40,498.7524857,788.3647413,26.2810062,1.142857143,2.040223664,Tallgrass Prairie,67.37594914,46.5,9.662610881,5.008721124,62.42649621,58.4381111
19131,yes,drought,42,532.760375,737.9366398,24.10494481,1.75,6.900884836,Tallgrass Prairie,0,42.87,27.65312238,8.878596922,46.34349896,54.60853904
19131,yes,postdrought,48,600.0812,833.0642038,23.36226947,0.125,1.451578831,Tallgrass Prairie,0,42.87,27.65312238,8.878596922,46.34349896,54.60853904
19131,yes,predrought,32,407.6463143,751.3988871,23.49546568,0.142857143,1.408841311,Tallgrass Prairie,0,42.87,27.65312238,8.878596922,46.34349896,54.60853904
19133,yes,drought,32,402.198775,585.3547738,27.04307858,3,26.66956765,Tallgrass Prairie,44.42296006,46.5,10.24796171,5.119704277,59.66629371,61.61053583
19133,yes,postdrought,46,572.305475,734.4270355,25.63097619,0.875,14.05516772,Tallgrass Prairie,44.42296006,46.5,10.24796171,5.119704277,59.66629371,61.61053583
19133,yes,predrought,37,463.7806286,677.6404625,25.69365171,0.714285714,4.680356716,Tallgrass Prairie,44.42296006,46.5,10.24796171,5.119704277,59.66629371,61.61053583
19135,yes,drought,31,384.7801,747.9407577,26.77398105,1.5,28.3732131,Tallgrass Prairie,79.29486609,51.87,26.36423798,9.540842169,47.14857933,56.7595385
19135,yes,postdrought,39,489.29215,927.0570834,25.42761364,0,6.677671536,Tallgrass Prairie,79.29486609,51.87,26.36423798,9.540842169,47.14857933,56.7595385
19135,yes,predrought,34,432.3956286,921.2937223,25.40663636,0.857142857,3.548101028,Tallgrass Prairie,79.29486609,51.87,26.36423798,9.540842169,47.14857933,56.7595385
19137,yes,drought,36,449.11935,690.4589396,27.38173106,2.5,13.34353525,Tallgrass Prairie,79.32268723,55.54,10.82386043,5.200983394,59.48959897,61.88805573
19137,yes,postdrought,49,612.94905,883.9865524,25.45348485,0.25,9.466787838,Tallgrass Prairie,79.32268723,55.54,10.82386043,5.200983394,59.48959897,61.88805573
19137,yes,predrought,41,511.3064857,839.1543941,26.13034201,0.571428571,2.193858495,Tallgrass Prairie,79.32268723,55.54,10.82386043,5.200983394,59.48959897,61.88805573
19139,yes,drought,46,574.9732,798.7221613,26.04291787,1.5,16.35984299,Tallgrass Prairie,30.02910461,37.03,17.55257808,6.542964685,55.98313924,54.63539714
19139,yes,postdrought,58,726.091975,897.7000361,25.09901786,0.25,4.753424105,Tallgrass Prairie,30.02910461,37.03,17.55257808,6.542964685,55.98313924,54.63539714
19139,yes,predrought,39,492.4754857,913.6158374,25.10058774,0.285714286,4.568812832,Tallgrass Prairie,30.02910461,37.03,17.55257808,6.542964685,55.98313924,54.63539714
19141,yes,drought,46,576.699375,650.1681106,25.39840624,2.25,4.029711056,Tallgrass Prairie,90.55812424,54.4,9.610082372,5.446422411,55.04371586,70.91727715
19141,yes,postdrought,52,652.1803,746.8118323,24.06935227,0.375,3.01908331,Tallgrass Prairie,90.55812424,54.4,9.610082372,5.446422411,55.04371586,70.91727715
19141,yes,predrought,38,482.7909714,660.9521591,24.76340908,1.142857143,0.273301394,Tallgrass Prairie,90.55812424,54.4,9.610082372,5.446422411,55.04371586,70.91727715
19143,yes,drought,41,519.42175,633.4897352,24.70973485,2,4.405811029,Tallgrass Prairie,32.83339702,54.03,23.24165404,8.503405192,45.24384819,62.22768503
19143,yes,postdrought,47,591.764175,737.8254735,23.3975341,0.375,2.345057764,Tallgrass Prairie,32.83339702,54.03,23.24165404,8.503405192,45.24384819,62.22768503
19143,yes,predrought,35,436.1618286,647.5172293,24.20812553,0.857142857,0.232933801,Tallgrass Prairie,32.83339702,54.03,23.24165404,8.503405192,45.24384819,62.22768503
19145,yes,drought,33,418.6759,699.1231672,27.31323863,2.25,12.80032314,Tallgrass Prairie,82.37856771,55.54,14.56884964,6.89685753,55.02490011,63.20324792
19145,yes,postdrought,47,592.391875,882.0009236,25.66296022,0.125,6.614810173,Tallgrass Prairie,82.37856771,55.54,14.56884964,6.89685753,55.02490011,63.20324792
19145,yes,predrought,38,474.3618572,866.6729385,26.19825974,1.428571429,8.208381824,Tallgrass Prairie,82.37856771,55.54,14.56884964,6.89685753,55.02490011,63.20324792
19147,yes,drought,43,545.78515,683.9051173,25.39138804,2.5,8.146124007,Tallgrass Prairie,1.18418947,53.56,30.95807321,10.95380477,41.30216938,56.90273354
19147,yes,postdrought,51,640.254,772.1459769,23.99636719,0.625,4.998305078,Tallgrass Prairie,1.18418947,53.56,30.95807321,10.95380477,41.30216938,56.90273354
19147,yes,predrought,35,434.7270857,683.9690326,24.8314375,1,0.702136939,Tallgrass Prairie,1.18418947,53.56,30.95807321,10.95380477,41.30216938,56.90273354
19149,yes,drought,33,410.20195,597.2670772,25.98861691,2.375,11.47198006,Tallgrass Prairie,97.29662111,46.5,9.192480397,5.59436493,60.43523913,62.76824608
19149,yes,postdrought,46,581.720975,698.081205,24.83381835,0.5,9.05019809,Tallgrass Prairie,97.29662111,46.5,9.192480397,5.59436493,60.43523913,62.76824608
19149,yes,predrought,32,402.9834,636.3367422,25.23282631,0.857142857,0.438945316,Tallgrass Prairie,97.29662111,46.5,9.192480397,5.59436493,60.43523913,62.76824608
19151,yes,drought,47,586.58565,689.520846,25.62617425,2.5,7.671142756,Tallgrass Prairie,0,53.56,29.71996392,11.01573596,42.52582311,57.80705405
19151,yes,postdrought,53,663.79275,781.4711867,24.33014395,0.75,6.639001206,Tallgrass Prairie,0,53.56,29.71996392,11.01573596,42.52582311,57.80705405
19151,yes,predrought,37,461.2698286,699.7991484,24.89696103,0.857142857,0.372617014,Tallgrass Prairie,0,53.56,29.71996392,11.01573596,42.52582311,57.80705405
19153,yes,drought,45,566.028475,719.5150628,26.38025,2.375,12.86978814,Tallgrass Prairie,43.86559,51.43,27.64012698,10.05307125,43.73439194,56.15046895
19153,yes,postdrought,55,689.2146,894.6405048,25.11932323,0.25,6.099253288,Tallgrass Prairie,43.86559,51.43,27.64012698,10.05307125,43.73439194,56.15046895
19153,yes,predrought,41,514.8933429,800.0604905,25.46743146,1.142857143,2.155066919,Tallgrass Prairie,43.86559,51.43,27.64012698,10.05307125,43.73439194,56.15046895
19155,yes,drought,33,410.986575,624.3826065,27.45867926,3,10.95571745,Tallgrass Prairie,83.22280631,46.5,9.419706917,5.080091892,63.56718314,57.00939049
19155,yes,postdrought,51,641.19555,826.5011021,25.66589637,1.375,7.666967749,Tallgrass Prairie,83.22280631,46.5,9.419706917,5.080091892,63.56718314,57.00939049
19155,yes,predrought,42,521.7083714,761.7925565,25.84757706,0.571428571,2.050884983,Tallgrass Prairie,83.22280631,46.5,9.419706917,5.080091892,63.56718314,57.00939049
19157,yes,drought,47,593.1765,753.9199875,26.09339897,2.125,10.65580472,Tallgrass Prairie,92.15376514,51.27,13.94331877,6.766890617,58.17117723,59.18351856
19157,yes,postdrought,55,691.7254,902.9858713,25.03177021,0.375,2.659422634,Tallgrass Prairie,92.15376514,51.27,13.94331877,6.766890617,58.17117723,59.18351856
19157,yes,predrought,43,536.4144857,870.5401155,25.3340866,1.142857143,1.173786296,Tallgrass Prairie,92.15376514,51.27,13.94331877,6.766890617,58.17117723,59.18351856
19159,yes,drought,26,331.4256,727.1066474,26.74048296,1.375,29.35443046,Tallgrass Prairie,92.67755964,51.87,26.04664875,9.356886193,45.43712376,60.53405758
19159,yes,postdrought,39,485.996725,897.7788633,25.12402558,0,14.63195691,Tallgrass Prairie,92.67755964,51.87,26.04664875,9.356886193,45.43712376,60.53405758
19159,yes,predrought,32,406.7496,888.4311854,25.64391233,0.571428571,2.98190741,Tallgrass Prairie,92.67755964,51.87,26.04664875,9.356886193,45.43712376,60.53405758
19161,yes,drought,42,524.600275,661.2380024,25.87294586,2.25,7.322708287,Tallgrass Prairie,48.76700965,53.12,18.56755396,7.771248683,50.09255844,63.71323773
19161,yes,postdrought,56,698.787025,787.7088272,24.54875515,0.875,5.816917909,Tallgrass Prairie,48.76700965,53.12,18.56755396,7.771248683,50.09255844,63.71323773
19161,yes,predrought,40,496.4210286,702.1134019,24.79716053,0.857142857,0.640500513,Tallgrass Prairie,48.76700965,53.12,18.56755396,7.771248683,50.09255844,63.71323773
19163,yes,drought,51,634.133925,812.5720725,25.41702633,1.625,10.48544566,Tallgrass Prairie,46.55527204,40,11.60341062,5.287981156,60.64702555,56.7816843
19163,yes,postdrought,63,787.44965,889.0100493,24.51619406,0.25,2.616458273,Tallgrass Prairie,46.55527204,40,11.60341062,5.287981156,60.64702555,56.7816843
19163,yes,predrought,46,575.6905714,894.6456013,24.83453007,0.571428571,2.754763307,Tallgrass Prairie,46.55527204,40,11.60341062,5.287981156,60.64702555,56.7816843
19165,yes,drought,37,459.79025,624.6289018,26.63677273,3.125,7.567796541,Tallgrass Prairie,93.14386746,50.84,9.602933721,4.802800929,62.8133726,58.62664143
19165,yes,postdrought,59,734.565925,800.3968307,24.91072981,0.625,7.763695913,Tallgrass Prairie,93.14386746,50.84,9.602933721,4.802800929,62.8133726,58.62664143
19165,yes,predrought,43,535.6971143,730.7855699,25.19311977,1.142857143,1.432796607,Tallgrass Prairie,93.14386746,50.84,9.602933721,4.802800929,62.8133726,58.62664143
19167,yes,drought,38,482.7013,606.893176,25.71619261,2.75,5.981757591,Tallgrass Prairie,91.24858241,53.12,9.908136741,5.387436245,56.24620737,68.43403748
19167,yes,postdrought,52,648.4141,716.3030839,24.59479919,0.375,3.842272615,Tallgrass Prairie,91.24858241,53.12,9.908136741,5.387436245,56.24620737,68.43403748
19167,yes,predrought,34,429.3468,637.0941217,25.11204684,0.714285714,0.417515222,Tallgrass Prairie,91.24858241,53.12,9.908136741,5.387436245,56.24620737,68.43403748
19169,yes,drought,49,621.10915,735.6369008,25.74254949,2.125,8.321791627,Tallgrass Prairie,14.87358795,51.43,31.45539969,11.09513681,41.49803123,57.07512342
19169,yes,postdrought,56,701.7686,890.7135547,24.57331251,0.25,4.494777794,Tallgrass Prairie,14.87358795,51.43,31.45539969,11.09513681,41.49803123,57.07512342
19169,yes,predrought,40,506.8229143,783.1759824,25.08440774,1,0.935550175,Tallgrass Prairie,14.87358795,51.43,31.45539969,11.09513681,41.49803123,57.07512342
19171,yes,drought,50,629.112325,755.3043752,25.54316817,2.125,8.227045459,Tallgrass Prairie,62.02328382,53.58,10.04677532,5.071769767,62.84355078,57.8796026
19171,yes,postdrought,58,732.996675,887.6678523,24.6098341,0.625,2.013856248,Tallgrass Prairie,62.02328382,53.58,10.04677532,5.071769767,62.84355078,57.8796026
19171,yes,predrought,43,540.5393714,836.6970515,24.96019221,1.142857143,1.592990418,Tallgrass Prairie,62.02328382,53.58,10.04677532,5.071769767,62.84355078,57.8796026
19173,yes,drought,29,357.789,715.2065342,27.09282385,1.75,19.97756449,Tallgrass Prairie,94.48572196,59.46,19.31792226,9.013563729,49.63909549,64.29938232
19173,yes,postdrought,41,513.14475,895.5858231,25.23130113,0.125,8.129054903,Tallgrass Prairie,94.48572196,59.46,19.31792226,9.013563729,49.63909549,64.29938232
19173,yes,predrought,31,394.0162572,880.0145782,26.08889935,0.571428571,6.091332357,Tallgrass Prairie,94.48572196,59.46,19.31792226,9.013563729,49.63909549,64.29938232
19175,yes,drought,31,391.0571,698.3201892,26.67556821,1.75,25.79093035,Tallgrass Prairie,100,56.05,20.63849701,9.094194172,49.05792945,63.17180381
19175,yes,postdrought,44,551.905225,880.7364194,25.02793183,0.25,7.489506927,Tallgrass Prairie,100,56.05,20.63849701,9.094194172,49.05792945,63.17180381
19175,yes,predrought,31,395.0923143,830.7072942,25.63725976,0.857142857,2.856003414,Tallgrass Prairie,100,56.05,20.63849701,9.094194172,49.05792945,63.17180381
19177,yes,drought,33,410.672725,806.1583762,27.03726945,1.25,16.20628982,Tallgrass Prairie,70.44358346,51.87,27.46222658,9.783876708,47.96708281,54.30567463
19177,yes,postdrought,42,531.0342,925.2576295,25.90738312,0,7.400531211,Tallgrass Prairie,70.44358346,51.87,27.46222658,9.783876708,47.96708281,54.30567463
19177,yes,predrought,28,356.7129429,979.4976801,25.61670499,0.571428571,6.106652666,Tallgrass Prairie,70.44358346,51.87,27.46222658,9.783876708,47.96708281,54.30567463
19179,yes,drought,38,470.931925,769.375398,26.99267804,2,19.99884666,Tallgrass Prairie,67.43148069,51.27,24.74545128,9.46997187,49.33958908,56.34689048
19179,yes,postdrought,46,574.816275,927.8567242,25.71945457,0.5,6.115763245,Tallgrass Prairie,67.43148069,51.27,24.74545128,9.46997187,49.33958908,56.34689048
19179,yes,predrought,33,416.6134572,950.0540913,25.59165369,1.428571429,5.080469519,Tallgrass Prairie,67.43148069,51.27,24.74545128,9.46997187,49.33958908,56.34689048
19181,yes,drought,37,469.83345,725.4237364,26.74540624,2.375,25.95385955,Tallgrass Prairie,89.21077065,51.87,17.97781944,8.638454267,52.73887402,60.99565117
19181,yes,postdrought,46,577.79785,912.4201134,25.44900568,0.625,5.562787817,Tallgrass Prairie,89.21077065,51.87,17.97781944,8.638454267,52.73887402,60.99565117
19181,yes,predrought,35,439.0313143,826.3559258,25.5356526,0.571428571,4.270000547,Tallgrass Prairie,89.21077065,51.87,17.97781944,8.638454267,52.73887402,60.99565117
19183,yes,drought,47,595.0596,785.3803737,26.47343105,2.25,20.15754225,Tallgrass Prairie,59.74305082,51.27,20.49077801,8.91691913,52.89214026,57.33020713
19183,yes,postdrought,56,705.064025,900.1965232,25.32979886,0.625,3.406748231,Tallgrass Prairie,59.74305082,51.27,20.49077801,8.91691913,52.89214026,57.33020713
19183,yes,predrought,42,527.6266857,935.7161084,25.28237767,0.714285714,1.254689168,Tallgrass Prairie,59.74305082,51.27,20.49077801,8.91691913,52.89214026,57.33020713
19185,yes,drought,27,338.801075,756.2260371,26.60921875,1.25,19.34333705,Tallgrass Prairie,99.95097565,52.67,27.7089862,9.737124873,46.48759474,56.12214428
19185,yes,postdrought,35,444.4116,938.9652983,25.32559659,0,10.87638683,Tallgrass Prairie,99.95097565,52.67,27.7089862,9.737124873,46.48759474,56.12214428
19185,yes,predrought,32,406.7496,937.4695781,25.22903247,0.285714286,4.204819407,Tallgrass Prairie,99.95097565,52.67,27.7089862,9.737124873,46.48759474,56.12214428
19187,yes,drought,47,593.019575,709.178709,25.77770249,2.625,5.860835759,Tallgrass Prairie,15.79399603,51.43,30.53214781,11.01424676,41.68467655,57.58062853
19187,yes,postdrought,52,649.0418,816.3575,24.4323471,0.5,6.012905011,Tallgrass Prairie,15.79399603,51.43,30.53214781,11.01424676,41.68467655,57.58062853
19187,yes,predrought,38,472.9271143,735.5160685,25.02306731,1,0.500378761,Tallgrass Prairie,15.79399603,51.43,30.53214781,11.01424676,41.68467655,57.58062853
19189,yes,drought,43,539.822,709.1983143,24.61903409,2,4.327926905,Tallgrass Prairie,17.04053522,54.03,29.98042501,10.63963005,40.37127751,56.38715358
19189,yes,postdrought,50,623.149175,816.9350567,23.49742425,0.125,3.995450753,Tallgrass Prairie,17.04053522,54.03,29.98042501,10.63963005,40.37127751,56.38715358
19189,yes,predrought,37,462.3458857,714.643961,23.98033765,0.285714286,1.639200272,Tallgrass Prairie,17.04053522,54.03,29.98042501,10.63963005,40.37127751,56.38715358
19191,yes,drought,41,516.754025,757.3179998,24.14166667,1.125,3.959888508,Tallgrass Prairie,79.45843969,0,17.45425416,7.274937932,55.38517628,49.16873002
19191,yes,postdrought,51,636.330875,857.1515624,23.47430001,0,2.058901634,Tallgrass Prairie,79.45843969,0,17.45425416,7.274937932,55.38517628,49.16873002
19191,yes,predrought,39,486.3778286,778.6340951,23.34295475,0,1.23444086,Tallgrass Prairie,79.45843969,0,17.45425416,7.274937932,55.38517628,49.16873002
19193,yes,drought,31,386.820125,585.4450485,26.30226612,2.25,17.56164753,Tallgrass Prairie,71.7925067,46.5,9.579803304,5.46783041,62.98144278,57.92569604
19193,yes,postdrought,45,566.1854,705.3239676,24.98685485,0.375,11.76,Tallgrass Prairie,71.7925067,46.5,9.579803304,5.46783041,62.98144278,57.92569604
19193,yes,predrought,34,432.3956286,647.1330321,25.31567743,0.857142857,8.353414491,Tallgrass Prairie,71.7925067,46.5,9.579803304,5.46783041,62.98144278,57.92569604
19195,yes,drought,43,537.9389,729.875521,24.12286112,1.625,6.871756644,Tallgrass Prairie,8.988471873,52.27,29.53702999,9.724440661,42.95518261,55.00111408
19195,yes,postdrought,48,601.02275,845.5148786,23.12367707,0.125,2.943586075,Tallgrass Prairie,8.988471873,52.27,29.53702999,9.724440661,42.95518261,55.00111408
19195,yes,predrought,34,423.7871714,742.7317461,23.53728571,0.285714286,1.455601564,Tallgrass Prairie,8.988471873,52.27,29.53702999,9.724440661,42.95518261,55.00111408
19197,yes,drought,46,578.1117,715.4562627,25.43256566,2.375,7.853158998,Tallgrass Prairie,9.424430144,53.56,30.82831672,10.55279553,40.74166694,59.10673217
19197,yes,postdrought,54,678.700625,805.7146972,24.10080303,1,5.304797609,Tallgrass Prairie,9.424430144,53.56,30.82831672,10.55279553,40.74166694,59.10673217
19197,yes,predrought,39,488.8886286,729.4961185,24.67577202,0.428571429,1.164043594,Tallgrass Prairie,9.424430144,53.56,30.82831672,10.55279553,40.74166694,59.10673217
31001,yes,drought,5,64.0254,467.533764,28.56616762,3.875,66.89422311,Southern Mixed Grasslands,16.60407872,28.55,22.47800386,8.436660222,57.60599636,47.60495626
31001,yes,postdrought,23,284.66195,654.6410796,26.29931253,1.25,16.46015665,Southern Mixed Grasslands,16.60407872,28.55,22.47800386,8.436660222,57.60599636,47.60495626
31001,yes,predrought,19,239.9607429,585.3485554,26.75397078,2,1.137330244,Southern Mixed Grasslands,16.60407872,28.55,22.47800386,8.436660222,57.60599636,47.60495626
31003,yes,drought,14,176.540625,487.5298076,26.97762238,2.625,32.87262799,Northern Mixed Grasslands,26.96947361,28.73,58.3242416,15.19408713,28.19514831,40.27374445
31003,yes,postdrought,25,317.459275,623.2791961,25.31684266,1,13.46980454,Northern Mixed Grasslands,26.96947361,28.73,58.3242416,15.19408713,28.19514831,40.27374445
31003,yes,predrought,21,268.6556,586.0174524,26.03121879,1.714285714,2.493157811,Northern Mixed Grasslands,26.96947361,28.73,58.3242416,15.19408713,28.19514831,40.27374445
31005,yes,drought,9,109.53365,396.5396204,26.68440401,0.75,13.12924537,Northern Mixed Grasslands,0,24.02,91.28405544,16.05925453,4.386520196,33.23454275
31005,yes,postdrought,16,195.685475,491.2276565,25.293625,1.125,7.249316012,Northern Mixed Grasslands,0,24.02,91.28405544,16.05925453,4.386520196,33.23454275
31005,yes,predrought,14,178.9841714,483.3419007,25.46185203,1.714285714,7.18647602,Northern Mixed Grasslands,0,24.02,91.28405544,16.05925453,4.386520196,33.23454275
31007,yes,drought,8,102.3151,342.661038,26.19436831,2.125,61.19650185,Northern Mixed Grasslands,95.55900523,26.43,57.99334953,27.53439852,24.94109702,37.34519326
31007,yes,postdrought,15,190.1931,428.5595314,24.77673216,0.5,48.88682878,Northern Mixed Grasslands,95.55900523,26.43,57.99334953,27.53439852,24.94109702,37.34519326
31007,yes,predrought,17,214.6734,434.9521302,24.88007651,1.571428571,17.99143913,Northern Mixed Grasslands,95.55900523,26.43,57.99334953,27.53439852,24.94109702,37.34519326
31009,yes,drought,9,111.573675,442.3231474,26.78806696,2.25,25.00075236,Northern Mixed Grasslands,3.126075361,24.02,92.49553422,15.13322164,3.506836469,40.97156049
31009,yes,postdrought,14,181.876075,555.0318755,25.46143527,1.125,22.58450942,Northern Mixed Grasslands,3.126075361,24.02,92.49553422,15.13322164,3.506836469,40.97156049
31009,yes,predrought,14,176.8320572,536.9661989,25.9574107,2.428571429,7.169272361,Northern Mixed Grasslands,3.126075361,24.02,92.49553422,15.13322164,3.506836469,40.97156049
31011,yes,drought,8,102.62895,479.8688073,27.41633257,3.125,43.33664982,Southern Mixed Grasslands,76.56531922,25.38,21.1052108,6.790149698,56.16258108,53.33952922
31011,yes,postdrought,26,332.36715,621.6967435,25.84392431,1.5,21.55687981,Southern Mixed Grasslands,76.56531922,25.38,21.1052108,6.790149698,56.16258108,53.33952922
31011,yes,predrought,22,269.911,595.9184798,26.13506422,1.857142857,2.793473701,Southern Mixed Grasslands,76.56531922,25.38,21.1052108,6.790149698,56.16258108,53.33952922
31013,yes,drought,6,80.188675,339.2981748,25.46617045,1.5,51.40693567,Northern Mixed Grasslands,18.20300455,23.94,56.67354577,27.72147517,28.484168,38.31058629
31013,yes,postdrought,13,169.322075,445.2417756,24.16930115,0.25,45.45254137,Northern Mixed Grasslands,18.20300455,23.94,56.67354577,27.72147517,28.484168,38.31058629
31013,yes,predrought,16,197.9945143,443.2142857,24.38454545,0.571428571,10.38451292,Northern Mixed Grasslands,18.20300455,23.94,56.67354577,27.72147517,28.484168,38.31058629
31015,yes,drought,6,75.324,445.1280255,27.11671022,1.875,53.5371174,Northern Mixed Grasslands,30.40642248,25.71,24.7458428,7.333893458,41.00400587,67.87991407
31015,yes,postdrought,21,268.812525,588.3793181,25.62983521,1.125,9.772141996,Northern Mixed Grasslands,30.40642248,25.71,24.7458428,7.333893458,41.00400587,67.87991407
31015,yes,predrought,15,189.0273714,518.56026,26.28124352,1.571428571,0.882016294,Northern Mixed Grasslands,30.40642248,25.71,24.7458428,7.333893458,41.00400587,67.87991407
31017,yes,drought,8,101.0597,430.288408,26.80934454,2,44.96517709,Northern Mixed Grasslands,74.44701013,23.94,88.09245638,15.49522869,6.841403014,34.60207748
31017,yes,postdrought,16,198.66705,556.2938122,25.36769651,1.125,10.08880787,Northern Mixed Grasslands,74.44701013,23.94,88.09245638,15.49522869,6.841403014,34.60207748
31017,yes,predrought,13,168.2236,515.4913647,25.94029139,1.285714286,3.189373823,Northern Mixed Grasslands,74.44701013,23.94,88.09245638,15.49522869,6.841403014,34.60207748
31019,yes,drought,10,119.57685,450.8026976,28.12542928,2.375,69.90567253,Southern Mixed Grasslands,62.40833961,28.55,22.23157259,8.768597216,58.64228741,45.45034392
31019,yes,postdrought,26,328.757875,607.4811923,26.24866281,1.125,22.90401118,Southern Mixed Grasslands,62.40833961,28.55,22.23157259,8.768597216,58.64228741,45.45034392
31019,yes,predrought,19,234.7598,571.3631298,26.79738347,2.142857143,3.685516972,Southern Mixed Grasslands,62.40833961,28.55,22.23157259,8.768597216,58.64228741,45.45034392
31021,yes,drought,26,329.385575,567.1498463,27.27535186,3.25,20.0942856,Tallgrass Prairie,64.01207337,51.33,9.981370752,4.64991736,57.59378981,62.99469436
31021,yes,postdrought,43,538.723525,734.4320214,25.8244753,1.25,9.662970548,Tallgrass Prairie,64.01207337,51.33,9.981370752,4.64991736,57.59378981,62.99469436
31021,yes,predrought,37,460.0144286,691.6694003,25.98604586,1.142857143,0.603296057,Tallgrass Prairie,64.01207337,51.33,9.981370752,4.64991736,57.59378981,62.99469436
31023,yes,drought,14,171.04825,516.2572679,27.77988401,2.5,16.13055015,Southern Mixed Grasslands,47.99838734,31.82,23.08245619,9.010836339,53.56893889,52.14231756
31023,yes,postdrought,33,420.24515,721.6233636,26.25338659,0.625,19.4561761,Southern Mixed Grasslands,47.99838734,31.82,23.08245619,9.010836339,53.56893889,52.14231756
31023,yes,predrought,29,365.5007429,683.4283066,26.63722533,1,1.173515784,Southern Mixed Grasslands,47.99838734,31.82,23.08245619,9.010836339,53.56893889,52.14231756
31025,yes,drought,18,227.698175,598.1586081,27.95547444,3.375,24.39433665,Tallgrass Prairie,83.92844998,34.43,14.79671462,7.840073372,54.2557195,61.37368001
31025,yes,postdrought,38,477.36585,809.7425565,26.38307671,1.625,7.788544689,Tallgrass Prairie,83.92844998,34.43,14.79671462,7.840073372,54.2557195,61.37368001
31025,yes,predrought,30,382.1796286,753.2724188,26.36682468,1,2.596394031,Tallgrass Prairie,83.92844998,34.43,14.79671462,7.840073372,54.2557195,61.37368001
31027,yes,drought,19,242.60605,542.7925434,26.70158912,2.5,27.35879473,Tallgrass Prairie,88.42543288,40.39,16.15840388,6.135727269,58.44275311,54.16130901
31027,yes,postdrought,31,386.6632,633.4809458,25.33250435,0.75,8.792411989,Tallgrass Prairie,88.42543288,40.39,16.15840388,6.135727269,58.44275311,54.16130901
31027,yes,predrought,24,305.9589143,612.4087949,26.17982605,1.857142857,0.855668768,Tallgrass Prairie,88.42543288,40.39,16.15840388,6.135727269,58.44275311,54.16130901
31029,yes,drought,10,121.7738,400.0894947,28.03733156,2.75,30.60394292,Southern Mixed Grasslands,11.01299509,23.94,53.86063754,13.41743706,32.97092374,46.92871238
31029,yes,postdrought,19,238.21215,507.2358245,26.26773403,1,24.99466268,Southern Mixed Grasslands,11.01299509,23.94,53.86063754,13.41743706,32.97092374,46.92871238
31029,yes,predrought,19,233.1457143,495.1186117,26.87776088,2.571428571,6.654731327,Southern Mixed Grasslands,11.01299509,23.94,53.86063754,13.41743706,32.97092374,46.92871238
31031,yes,drought,8,105.4536,394.4542513,26.40698769,1,24.2915706,Northern Mixed Grasslands,71.91090239,23.94,89.0814273,16.01746941,5.656908297,31.22561961
31031,yes,postdrought,14,175.756,517.1836558,25.1148196,0.5,7.556271585,Northern Mixed Grasslands,71.91090239,23.94,89.0814273,16.01746941,5.656908297,31.22561961
31031,yes,predrought,16,197.8151714,489.0172419,25.37228256,1,1.944019499,Northern Mixed Grasslands,71.91090239,23.94,89.0814273,16.01746941,5.656908297,31.22561961
31033,yes,drought,8,94.311925,365.3757307,26.30380313,1.75,40.92213636,Northern Mixed Grasslands,78.82684285,27.55,34.05424776,14.56929216,46.54273377,43.69586757
31033,yes,postdrought,15,192.546975,466.3984421,25.04625847,1.5,42.29026307,Northern Mixed Grasslands,78.82684285,27.55,34.05424776,14.56929216,46.54273377,43.69586757
31033,yes,predrought,16,194.9456857,469.6178607,25.04551276,1.285714286,20.55439269,Northern Mixed Grasslands,78.82684285,27.55,34.05424776,14.56929216,46.54273377,43.69586757
31035,yes,drought,4,53.04065,478.2398593,28.35535938,3.375,93.31898147,Southern Mixed Grasslands,18.105234,47.6,21.58712183,8.754389879,55.23969077,51.9118103
31035,yes,postdrought,24,305.532975,681.7520621,26.29576249,0.75,20.35705543,Southern Mixed Grasslands,18.105234,47.6,21.58712183,8.754389879,55.23969077,51.9118103
31035,yes,predrought,21,263.2753143,612.4002856,26.60586073,1.428571429,0.442101569,Southern Mixed Grasslands,18.105234,47.6,21.58712183,8.754389879,55.23969077,51.9118103
31037,yes,drought,16,194.743925,533.4716555,27.61819256,2.375,10.2679089,Tallgrass Prairie,51.3022122,32.77,14.21842333,5.9727711,58.18477747,56.39041216
31037,yes,postdrought,34,422.12825,714.6942059,26.14734121,1.125,12.19578179,Tallgrass Prairie,51.3022122,32.77,14.21842333,5.9727711,58.18477747,56.39041216
31037,yes,predrought,32,401.1899714,677.904363,26.33721621,1.857142857,0.460235641,Tallgrass Prairie,51.3022122,32.77,14.21842333,5.9727711,58.18477747,56.39041216
31039,yes,drought,22,274.9326,544.1042614,27.18797161,3.375,9.133622075,Tallgrass Prairie,81.54198238,31.55,15.38905863,5.688120201,56.53601501,58.81839893
31039,yes,postdrought,40,496.039925,701.0427986,25.65092044,1.875,9.404133471,Tallgrass Prairie,81.54198238,31.55,15.38905863,5.688120201,56.53601501,58.81839893
31039,yes,predrought,37,459.1177143,668.0264124,25.89207467,0.714285714,0.784552396,Tallgrass Prairie,81.54198238,31.55,15.38905863,5.688120201,56.53601501,58.81839893
31041,yes,drought,7,87.878,442.8347716,27.24381431,2.75,81.35665117,Southern Mixed Grasslands,67.04087292,28.55,30.29513426,8.926025469,52.29474026,45.89043077
31041,yes,postdrought,18,229.581275,580.8084916,25.62855528,0.875,28.73433558,Southern Mixed Grasslands,67.04087292,28.55,30.29513426,8.926025469,52.29474026,45.89043077
31041,yes,predrought,18,223.2818572,551.0236574,26.11436332,1.714285714,2.543276089,Southern Mixed Grasslands,67.04087292,28.55,30.29513426,8.926025469,52.29474026,45.89043077
31043,yes,drought,27,344.764225,550.6026217,26.71973781,2.875,20.87668683,Tallgrass Prairie,57.2737834,49.82,9.21773812,4.631050925,60.58590673,58.42738134
31043,yes,postdrought,41,509.6924,665.4967991,25.52814027,0.625,12.64581572,Tallgrass Prairie,57.2737834,49.82,9.21773812,4.631050925,60.58590673,58.42738134
31043,yes,predrought,33,408.7223714,627.2993733,25.84704531,1.571428571,2.58753428,Tallgrass Prairie,57.2737834,49.82,9.21773812,4.631050925,60.58590673,58.42738134
31045,yes,drought,8,105.610525,372.2822965,25.80006448,1.75,69.5885606,Northern Mixed Grasslands,86.30809301,27.55,27.99296094,13.35266743,41.03715428,55.77314443
31045,yes,postdrought,15,190.8208,480.8196381,24.65186765,0.5,40.31455253,Northern Mixed Grasslands,86.30809301,27.55,27.99296094,13.35266743,41.03715428,55.77314443
31045,yes,predrought,16,197.4564857,471.6190758,24.92376856,0.571428571,7.684636899,Northern Mixed Grasslands,86.30809301,27.55,27.99296094,13.35266743,41.03715428,55.77314443
31049,yes,drought,6,72.49935,367.7233523,27.29797728,2,36.46325268,Northern Mixed Grasslands,43.32576102,31.42,28.93577033,11.38070231,52.68352845,44.82688798
31049,yes,postdrought,23,287.80045,473.5128601,26.05792803,1.875,33.3198368,Northern Mixed Grasslands,43.32576102,31.42,28.93577033,11.38070231,52.68352845,44.82688798
31049,yes,predrought,17,209.6518,460.2588096,26.01332034,1.714285714,21.10260354,Northern Mixed Grasslands,43.32576102,31.42,28.93577033,11.38070231,52.68352845,44.82688798
31051,yes,drought,22,273.520275,547.3508814,26.7094391,3,16.62014472,Tallgrass Prairie,91.76042088,49.82,12.47967833,5.645557518,60.93303192,54.15394264
31051,yes,postdrought,34,422.4421,646.8247596,25.50815385,1,12.84035303,Tallgrass Prairie,91.76042088,49.82,12.47967833,5.645557518,60.93303192,54.15394264
31051,yes,predrought,27,344.6969714,623.8977288,26.05709888,2,3.044764635,Tallgrass Prairie,91.76042088,49.82,12.47967833,5.645557518,60.93303192,54.15394264
31053,yes,drought,21,258.29855,553.1508087,27.63272941,4.125,11.62467139,Tallgrass Prairie,26.58478046,31.55,17.31007771,7.011108878,53.43411489,57.89696327
31053,yes,postdrought,39,492.43065,744.0398089,26.04781469,1.25,10.2003607,Tallgrass Prairie,26.58478046,31.55,17.31007771,7.011108878,53.43411489,57.89696327
31053,yes,predrought,35,443.1562,696.968437,26.24470925,2.142857143,0.172636694,Tallgrass Prairie,26.58478046,31.55,17.31007771,7.011108878,53.43411489,57.89696327
31055,yes,drought,24,300.35445,569.5341294,27.75349108,4.25,19.05742129,Tallgrass Prairie,54.73696069,34.43,13.30291564,5.604838236,57.60289153,57.97428431
31055,yes,postdrought,42,521.147925,777.7354689,26.02390623,1,9.480357465,Tallgrass Prairie,54.73696069,34.43,13.30291564,5.604838236,57.60289153,57.97428431
31055,yes,predrought,33,415.5374,715.0647699,26.15000508,1.428571429,1.464386218,Tallgrass Prairie,54.73696069,34.43,13.30291564,5.604838236,57.60289153,57.97428431
31057,yes,drought,9,106.865925,397.8213651,28.72572039,4.625,48.84415848,Southern Mixed Grasslands,10.55311468,26.69,61.48015194,14.35235961,27.73112752,45.95262154
31057,yes,postdrought,18,230.208975,520.7438323,26.93400329,2.375,18.85974771,Southern Mixed Grasslands,10.55311468,26.69,61.48015194,14.35235961,27.73112752,45.95262154
31057,yes,predrought,19,236.7325714,492.7496617,27.46788534,4.714285714,3.820484774,Southern Mixed Grasslands,10.55311468,26.69,61.48015194,14.35235961,27.73112752,45.95262154
31059,yes,drought,6,73.12705,509.2085228,28.02612785,2.625,76.97332224,Southern Mixed Grasslands,15.51217815,47.86,20.34077038,8.90028654,55.08677002,54.07992175
31059,yes,postdrought,26,326.874775,715.4638351,26.12722446,0.125,12.24826356,Southern Mixed Grasslands,15.51217815,47.86,20.34077038,8.90028654,55.08677002,54.07992175
31059,yes,predrought,25,316.0021143,656.4137824,26.46315259,1.285714286,1.036953507,Southern Mixed Grasslands,15.51217815,47.86,20.34077038,8.90028654,55.08677002,54.07992175
31061,yes,drought,4,56.17915,443.9965281,28.75984344,3,61.45171869,Southern Mixed Grasslands,47.70489045,28.55,17.41805764,8.167352411,62.18002391,47.30429758
31061,yes,postdrought,21,260.18165,634.9857829,26.66361868,1.125,19.18340334,Southern Mixed Grasslands,47.70489045,28.55,17.41805764,8.167352411,62.18002391,47.30429758
31061,yes,predrought,18,222.2058,573.3038382,27.27275902,1.571428571,1.302097153,Southern Mixed Grasslands,47.70489045,28.55,17.41805764,8.167352411,62.18002391,47.30429758
31063,yes,drought,6,71.5578,429.0534227,28.33441444,3.375,66.01750188,Southern Mixed Grasslands,57.72791532,36.09,11.16481606,6.442174253,66.89585997,47.66821345
31063,yes,postdrought,18,227.54125,573.4569214,26.5833188,1.875,39.68386673,Southern Mixed Grasslands,57.72791532,36.09,11.16481606,6.442174253,66.89585997,47.66821345
31063,yes,predrought,17,214.1353714,553.8166729,27.12082453,2.571428571,3.519915761,Southern Mixed Grasslands,57.72791532,36.09,11.16481606,6.442174253,66.89585997,47.66821345
31065,yes,drought,6,79.874825,434.6738143,29.23159616,3.375,77.62000881,Southern Mixed Grasslands,34.00514903,35.6,13.90194478,7.459317013,65.55115257,47.4611174
31065,yes,postdrought,19,244.332225,598.816688,27.41488674,1.75,53.46721606,Southern Mixed Grasslands,34.00514903,35.6,13.90194478,7.459317013,65.55115257,47.4611174
31065,yes,predrought,19,238.526,563.4378753,27.85281562,3.142857143,2.981580055,Southern Mixed Grasslands,34.00514903,35.6,13.90194478,7.459317013,65.55115257,47.4611174
31067,yes,drought,12,145.155625,586.1848954,28.105014,2.5,57.77272199,Tallgrass Prairie,75.7255135,48.77,19.75657797,9.266820688,50.30788828,62.54035099
31067,yes,postdrought,27,337.7026,783.1873076,26.44334442,0.75,7.008294836,Tallgrass Prairie,75.7255135,48.77,19.75657797,9.266820688,50.30788828,62.54035099
31067,yes,predrought,25,313.6706572,732.7946156,26.49421778,1.285714286,1.669600908,Tallgrass Prairie,75.7255135,48.77,19.75657797,9.266820688,50.30788828,62.54035099
31069,yes,drought,10,125.383075,365.7462278,26.47866342,1.25,23.93104614,Northern Mixed Grasslands,21.15344032,24.02,77.6119241,15.61990066,13.0624241,37.72649524
31069,yes,postdrought,20,252.64925,471.6003224,25.29315725,1.125,16.78295528,Northern Mixed Grasslands,21.15344032,24.02,77.6119241,15.61990066,13.0624241,37.72649524
31069,yes,predrought,20,248.3898572,464.9283138,25.29907018,1.857142857,9.168990302,Northern Mixed Grasslands,21.15344032,24.02,77.6119241,15.61990066,13.0624241,37.72649524
31071,yes,drought,8,103.413575,444.9113495,26.91422727,2.125,48.71198735,Northern Mixed Grasslands,22.45308266,23.57,82.66211915,15.30765737,10.89531973,45.34536161
31071,yes,postdrought,19,236.6429,586.3253269,25.29091196,0.625,9.364353159,Northern Mixed Grasslands,22.45308266,23.57,82.66211915,15.30765737,10.89531973,45.34536161
31071,yes,predrought,16,203.9128286,538.5583117,25.89381815,0.714285714,6.254051207,Northern Mixed Grasslands,22.45308266,23.57,82.66211915,15.30765737,10.89531973,45.34536161
31073,yes,drought,6,77.364025,436.4502501,28.17347502,3.25,85.66697839,Southern Mixed Grasslands,35.92615085,41.28,11.5896479,6.587762909,67.10899359,47.85212351
31073,yes,postdrought,20,253.433875,600.2600003,26.30746788,1.375,54.24623357,Southern Mixed Grasslands,35.92615085,41.28,11.5896479,6.587762909,67.10899359,47.85212351
31073,yes,predrought,19,236.1945429,563.9984082,26.92981225,2.714285714,0.593658816,Southern Mixed Grasslands,35.92615085,41.28,11.5896479,6.587762909,67.10899359,47.85212351
31075,yes,drought,8,105.296675,388.7802225,26.00108475,0.5,3.582722924,Northern Mixed Grasslands,0,24.02,89.68901187,16.12600493,5.347159989,29.1894543
31075,yes,postdrought,14,179.9406667,489.4200529,24.57085592,0.375,0.470379712,Northern Mixed Grasslands,0,24.02,89.68901187,16.12600493,5.347159989,29.1894543
31075,yes,predrought,16,205.7062572,485.7852546,24.92682323,1.285714286,0.962130768,Northern Mixed Grasslands,0,24.02,89.68901187,16.12600493,5.347159989,29.1894543
31077,yes,drought,6,79.0902,461.2971446,27.54783524,2.5,83.99762403,Southern Mixed Grasslands,63.85094008,25.38,37.10553389,9.93254954,46.53750517,45.60751687
31077,yes,postdrought,19,243.86145,598.5114348,25.87635794,1.5,36.34308236,Southern Mixed Grasslands,63.85094008,25.38,37.10553389,9.93254954,46.53750517,45.60751687
31077,yes,predrought,19,242.1128572,567.2037503,26.41786686,2.142857143,1.126496488,Southern Mixed Grasslands,63.85094008,25.38,37.10553389,9.93254954,46.53750517,45.60751687
31079,yes,drought,8,106.0813,468.0189064,28.31782191,3.125,56.48519847,Southern Mixed Grasslands,12.21368378,23.57,42.24289252,11.88411877,42.37877337,42.17531586
31079,yes,postdrought,33,409.57425,642.8268282,26.2895594,1.25,17.52887098,Southern Mixed Grasslands,12.21368378,23.57,42.24289252,11.88411877,42.37877337,42.17531586
31079,yes,predrought,19,244.6236572,601.3800358,26.91076787,0.857142857,2.845470123,Southern Mixed Grasslands,12.21368378,23.57,42.24289252,11.88411877,42.37877337,42.17531586
31081,yes,drought,6,73.4409,489.1226981,27.95887498,3.25,80.13894898,Southern Mixed Grasslands,18.31811532,31.82,20.96491325,8.16639316,58.27549115,48.06391562
31081,yes,postdrought,30,371.755325,672.8500768,26.01424086,1,13.85728794,Southern Mixed Grasslands,18.31811532,31.82,20.96491325,8.16639316,58.27549115,48.06391562
31081,yes,predrought,24,297.1711143,628.8475955,26.55193728,0.571428571,0.756840746,Southern Mixed Grasslands,18.31811532,31.82,20.96491325,8.16639316,58.27549115,48.06391562
31083,yes,drought,5,65.59465,439.0865783,28.99872225,4,65.16824372,Southern Mixed Grasslands,21.64461183,35.6,13.921374,7.261493208,62.9439216,45.96002229
31083,yes,postdrought,21,264.57555,610.144596,27.03478029,2.125,43.0233655,Southern Mixed Grasslands,21.64461183,35.6,13.921374,7.261493208,62.9439216,45.96002229
31083,yes,predrought,19,235.4771714,572.8264648,27.68434055,3.428571429,2.167863029,Southern Mixed Grasslands,21.64461183,35.6,13.921374,7.261493208,62.9439216,45.96002229
31085,yes,drought,9,106.709,430.6116327,27.97737164,2,75.39633119,Southern Mixed Grasslands,41.44629599,29.24,32.51291546,11.19130932,50.99980148,42.69839433
31085,yes,postdrought,19,239.624475,555.0765879,26.22017342,1.125,34.01390885,Southern Mixed Grasslands,41.44629599,29.24,32.51291546,11.19130932,50.99980148,42.69839433
31085,yes,predrought,17,218.9776286,544.1144915,26.96507592,2.714285714,2.164741201,Southern Mixed Grasslands,41.44629599,29.24,32.51291546,11.19130932,50.99980148,42.69839433
31087,yes,drought,6,81.130225,428.4055372,28.84623759,3.375,47.49833518,Southern Mixed Grasslands,35.78262022,29.24,14.66574458,7.43643837,64.78267525,45.85767373
31087,yes,postdrought,23,294.548225,556.1148966,27.17065702,2.875,49.29655641,Southern Mixed Grasslands,35.78262022,29.24,14.66574458,7.43643837,64.78267525,45.85767373
31087,yes,predrought,18,231.7109714,534.1980639,27.60729398,3.714285714,2.283510459,Southern Mixed Grasslands,35.78262022,29.24,14.66574458,7.43643837,64.78267525,45.85767373
31089,yes,drought,10,125.383075,445.1170647,26.85082401,2.125,32.40081174,Northern Mixed Grasslands,13.4080835,23.57,74.73724666,17.40344315,16.15629705,35.33140578
31089,yes,postdrought,19,237.2706,585.7697326,25.1104291,0.875,10.50477955,Northern Mixed Grasslands,13.4080835,23.57,74.73724666,17.40344315,16.15629705,35.33140578
31089,yes,predrought,15,182.3916857,532.8971783,26.0021002,1.428571429,3.603918446,Northern Mixed Grasslands,13.4080835,23.57,74.73724666,17.40344315,16.15629705,35.33140578
31091,yes,drought,7,93.5273,417.6676115,26.42399554,0.5,32.67241379,Northern Mixed Grasslands,0.0095594,24.02,90.60263748,16.65656037,5.153673723,37.36384883
31091,yes,postdrought,14,181.562225,535.4179466,25.22989733,0.75,33.05949352,Northern Mixed Grasslands,0.0095594,24.02,90.60263748,16.65656037,5.153673723,37.36384883
31091,yes,predrought,14,177.5494286,517.9605101,25.34219643,0.857142857,9.763409321,Northern Mixed Grasslands,0.0095594,24.02,90.60263748,16.65656037,5.153673723,37.36384883
31093,yes,drought,7,88.5057,454.621414,28.14576011,3.25,61.09008646,Southern Mixed Grasslands,37.72656829,23.57,33.67107109,9.827801542,48.9692627,44.99875909
31093,yes,postdrought,23,287.329675,612.4614394,26.5008712,1.875,17.70699529,Southern Mixed Grasslands,37.72656829,23.57,33.67107109,9.827801542,48.9692627,44.99875909
31093,yes,predrought,20,256.9983143,567.0052814,26.85212697,2.428571429,0.81088686,Southern Mixed Grasslands,37.72656829,23.57,33.67107109,9.827801542,48.9692627,44.99875909
31095,yes,drought,9,109.8475,561.6342548,28.39408078,3.625,64.41732774,Southern Mixed Grasslands,67.11533163,47.84,21.14084478,8.987010342,53.94354751,54.64687016
31095,yes,postdrought,24,299.4129,765.2382323,26.67612625,1,8.252383039,Southern Mixed Grasslands,67.11533163,47.84,21.14084478,8.987010342,53.94354751,54.64687016
31095,yes,predrought,24,305.4208857,714.3966233,26.9688831,3,6.368482426,Southern Mixed Grasslands,67.11533163,47.84,21.14084478,8.987010342,53.94354751,54.64687016
31097,yes,drought,13,167.752825,618.251125,28.10409997,2.625,68.66821386,Tallgrass Prairie,88.41726619,59.61,22.65382672,8.515130783,44.34632751,67.55357418
31097,yes,postdrought,30,380.229275,808.0271252,26.67720001,0.875,10.00571258,Tallgrass Prairie,88.41726619,59.61,22.65382672,8.515130783,44.34632751,67.55357418
31097,yes,predrought,25,316.7194857,762.8933262,26.46187344,1.857142857,4.623287671,Tallgrass Prairie,88.41726619,59.61,22.65382672,8.515130783,44.34632751,67.55357418
31099,yes,drought,6,76.422475,446.2689265,28.53215384,2.5,35.22793052,Southern Mixed Grasslands,15.13935256,28.55,28.64634702,10.38691083,54.27795543,42.83580923
31099,yes,postdrought,25,316.517725,631.8651767,26.54212179,1.625,25.23003755,Southern Mixed Grasslands,15.13935256,28.55,28.64634702,10.38691083,54.27795543,42.83580923
31099,yes,predrought,19,236.1945429,575.7408608,27.11717217,2.428571429,0.975584599,Southern Mixed Grasslands,15.13935256,28.55,28.64634702,10.38691083,54.27795543,42.83580923
31101,yes,drought,11,136.681675,398.4398553,27.51762631,1.5,24.46759632,Northern Mixed Grasslands,18.9410148,25.38,54.29282272,12.69229055,29.79214936,40.53738383
31101,yes,postdrought,23,290.31125,491.9821248,25.92978947,2,15.58015597,Northern Mixed Grasslands,18.9410148,25.38,54.29282272,12.69229055,29.79214936,40.53738383
31101,yes,predrought,19,235.4771714,486.8177067,26.45659248,3.142857143,5.048584796,Northern Mixed Grasslands,18.9410148,25.38,54.29282272,12.69229055,29.79214936,40.53738383
31103,yes,drought,7,88.19185,422.1792523,26.9220246,2.5,58.47898351,Northern Mixed Grasslands,6.205793888,23.94,71.05821424,16.66998656,17.50659304,35.95936052
31103,yes,postdrought,16,195.685475,553.6409733,25.36672334,1.25,13.88927914,Northern Mixed Grasslands,6.205793888,23.94,71.05821424,16.66998656,17.50659304,35.95936052
31103,yes,predrought,12,148.3165429,490.0891335,26.02409133,1.714285714,2.324439805,Northern Mixed Grasslands,6.205793888,23.94,71.05821424,16.66998656,17.50659304,35.95936052
31105,yes,drought,8,94.939625,350.3001641,25.67578593,1.375,55.51144026,Northern Mixed Grasslands,93.52469988,37.46,35.91482815,13.61802054,44.99355877,44.33299781
31105,yes,postdrought,16,205.414825,436.0845547,24.20917656,0.125,58.20530264,Northern Mixed Grasslands,93.52469988,37.46,35.91482815,13.61802054,44.99355877,44.33299781
31105,yes,predrought,15,188.8480286,435.792125,24.36768215,1.142857143,30.32177798,Northern Mixed Grasslands,93.52469988,37.46,35.91482815,13.61802054,44.99355877,44.33299781
31107,yes,drought,13,161.475825,489.9989629,27.39406457,2.125,42.80944864,Tallgrass Prairie,73.17678796,25.71,28.72592413,9.491867525,44.52451539,53.44018038
31107,yes,postdrought,28,356.376675,614.6209339,25.8147761,0.875,17.53125326,Tallgrass Prairie,73.17678796,25.71,28.72592413,9.491867525,44.52451539,53.44018038
31107,yes,predrought,20,246.9551143,566.8170252,26.66080218,2.285714286,1.237366106,Tallgrass Prairie,73.17678796,25.71,28.72592413,9.491867525,44.52451539,53.44018038
31109,yes,drought,11,137.309375,553.7057008,28.21888448,3.375,47.18689465,Tallgrass Prairie,78.24384023,59.61,19.72720617,9.30722063,48.28986035,64.7736389
31109,yes,postdrought,29,364.536775,752.7618656,26.61240341,1.375,8.702082075,Tallgrass Prairie,78.24384023,59.61,19.72720617,9.30722063,48.28986035,64.7736389
31109,yes,predrought,27,340.5720857,705.0957681,26.71969914,2.142857143,2.0886136,Tallgrass Prairie,78.24384023,59.61,19.72720617,9.30722063,48.28986035,64.7736389
31111,yes,drought,10,129.463125,424.4758264,27.63387941,3,60.83367594,Northern Mixed Grasslands,24.34166155,23.94,62.57406601,12.73678675,26.34062847,44.14007797
31111,yes,postdrought,24,295.96055,549.3824355,25.98228646,1.125,16.96213142,Northern Mixed Grasslands,24.34166155,23.94,62.57406601,12.73678675,26.34062847,44.14007797
31111,yes,predrought,18,226.6893714,530.940074,26.56650354,1.714285714,6.663011637,Northern Mixed Grasslands,24.34166155,23.94,62.57406601,12.73678675,26.34062847,44.14007797
31113,yes,drought,8,104.355125,433.640412,27.08875002,3,64.52198744,Northern Mixed Grasslands,6.082695419,25.38,82.24040052,14.67225558,11.60302866,37.84051394
31113,yes,postdrought,17,208.71025,553.5700995,25.65848866,0.875,9.832079446,Northern Mixed Grasslands,6.082695419,25.38,82.24040052,14.67225558,11.60302866,37.84051394
31113,yes,predrought,16,205.7062572,529.7729546,26.01007791,1.714285714,12.04543801,Northern Mixed Grasslands,6.082695419,25.38,82.24040052,14.67225558,11.60302866,37.84051394
31115,yes,drought,8,100.432,438.6037071,26.97272442,2.375,53.7020725,Northern Mixed Grasslands,9.196008437,26.32,85.66481149,16.29241501,8.651565211,37.10079205
31115,yes,postdrought,20,252.806175,573.9950712,25.43634943,1.125,8.236951364,Northern Mixed Grasslands,9.196008437,26.32,85.66481149,16.29241501,8.651565211,37.10079205
31115,yes,predrought,16,203.5541429,535.4180356,26.01042209,0.857142857,9.731326896,Northern Mixed Grasslands,9.196008437,26.32,85.66481149,16.29241501,8.651565211,37.10079205
31117,yes,drought,9,116.595275,419.6496678,26.87209569,1.375,50.30164644,Northern Mixed Grasslands,0,24.02,89.4664747,17.13553584,5.989960365,36.82458382
31117,yes,postdrought,15,182.34685,529.3140136,25.43158009,1,17.61344972,Northern Mixed Grasslands,0,24.02,89.4664747,17.13553584,5.989960365,36.82458382
31117,yes,predrought,13,168.2236,514.0665179,25.79364064,1,12.92183556,Northern Mixed Grasslands,0,24.02,89.4664747,17.13553584,5.989960365,36.82458382
31119,yes,drought,13,166.9682,516.0217756,27.07407672,4,17.46164149,Tallgrass Prairie,49.57132249,28.73,29.40350032,9.634911734,49.84980886,48.2706868
31119,yes,postdrought,31,392.3125,654.7313916,25.52520454,1.125,12.83642512,Tallgrass Prairie,49.57132249,28.73,29.40350032,9.634911734,49.84980886,48.2706868
31119,yes,predrought,27,338.0612857,628.7396268,25.90289611,2.142857143,1.127739873,Tallgrass Prairie,49.57132249,28.73,29.40350032,9.634911734,49.84980886,48.2706868
31121,yes,drought,10,129.149275,481.0071698,28.18664942,3.125,30.87513292,Southern Mixed Grasslands,2.834956917,23.57,46.15291489,13.75630411,39.04237821,41.00050865
31121,yes,postdrought,33,412.555825,648.2991667,26.38318102,1,9.114308307,Southern Mixed Grasslands,2.834956917,23.57,46.15291489,13.75630411,39.04237821,41.00050865
31121,yes,predrought,23,291.7908286,612.6092775,26.94027915,2.142857143,2.502991096,Southern Mixed Grasslands,2.834956917,23.57,46.15291489,13.75630411,39.04237821,41.00050865
31123,yes,drought,12,154.10035,346.1794145,26.56517567,2,26.03813825,Northern Mixed Grasslands,44.1234282,23.94,74.41685347,23.64991102,14.27229239,35.47801812
31123,yes,postdrought,21,261.7509,454.144972,25.09332657,0.75,24.79580339,Northern Mixed Grasslands,44.1234282,23.94,74.41685347,23.64991102,14.27229239,35.47801812
31123,yes,predrought,19,240.6781143,452.2693888,25.22867181,1.428571429,9.444101922,Northern Mixed Grasslands,44.1234282,23.94,74.41685347,23.64991102,14.27229239,35.47801812
31125,yes,drought,8,97.2935,480.9573461,27.96234932,3.75,28.86250568,Southern Mixed Grasslands,53.49057661,23.57,23.11595681,7.99350001,53.64989778,50.30753187
31125,yes,postdrought,26,325.46245,638.8019691,26.31942465,1.375,19.73279985,Southern Mixed Grasslands,53.49057661,23.57,23.11595681,7.99350001,53.64989778,50.30753187
31125,yes,predrought,24,305.2415429,605.8917029,26.6904853,2.142857143,1.555,Southern Mixed Grasslands,53.49057661,23.57,23.11595681,7.99350001,53.64989778,50.30753187
31127,yes,drought,22,280.424975,664.7922713,28.29658452,2.625,36.23174863,Tallgrass Prairie,68.22910955,50.22,16.05095495,7.526078742,52.2413054,62.89391694
31127,yes,postdrought,38,481.602825,855.9009157,26.73015844,1.625,8.951573455,Tallgrass Prairie,68.22910955,50.22,16.05095495,7.526078742,52.2413054,62.89391694
31127,yes,predrought,30,375.1852572,828.9691954,26.82018107,2,10.35567873,Tallgrass Prairie,68.22910955,50.22,16.05095495,7.526078742,52.2413054,62.89391694
31129,yes,drought,5,61.043825,481.6798233,28.65145456,3.125,78.15011757,Southern Mixed Grasslands,73.0941704,35.6,18.27805725,8.304325331,57.74371112,53.06428981
31129,yes,postdrought,24,300.825225,696.4930684,26.63174746,0.875,15.74764989,Southern Mixed Grasslands,73.0941704,35.6,18.27805725,8.304325331,57.74371112,53.06428981
31129,yes,predrought,19,242.6508857,606.642814,26.95713131,1.571428571,1.788232226,Southern Mixed Grasslands,73.0941704,35.6,18.27805725,8.304325331,57.74371112,53.06428981
31131,yes,drought,17,209.181025,612.5906448,28.1644,2.875,49.18273701,Tallgrass Prairie,80.45904534,50.22,19.22465057,8.442154475,47.9016364,66.02250482
31131,yes,postdrought,34,426.992925,815.3434998,26.55691315,0.875,6.662716559,Tallgrass Prairie,80.45904534,50.22,19.22465057,8.442154475,47.9016364,66.02250482
31131,yes,predrought,29,362.4519143,770.7818196,26.61959399,1.142857143,3.747145862,Tallgrass Prairie,80.45904534,50.22,19.22465057,8.442154475,47.9016364,66.02250482
31133,yes,drought,15,185.48535,638.7599619,28.3515909,3.125,57.19258161,Tallgrass Prairie,96.26405709,48.86,23.30732466,8.728395356,43.63744509,67.65568531
31133,yes,postdrought,31,383.995475,825.1731632,26.80526137,0.875,10.83483078,Tallgrass Prairie,96.26405709,48.86,23.30732466,8.728395356,43.63744509,67.65568531
31133,yes,predrought,25,317.6162,795.2661257,26.38885279,0.857142857,3.518351207,Tallgrass Prairie,96.26405709,48.86,23.30732466,8.728395356,43.63744509,67.65568531
31135,yes,drought,9,107.3367,404.0108366,28.03259021,3.625,50.87046637,Southern Mixed Grasslands,7.417686885,23.94,45.99462819,13.96278151,39.77526351,39.55682105
31135,yes,postdrought,18,229.42435,510.4434023,26.34402631,1.25,31.7302709,Southern Mixed Grasslands,7.417686885,23.94,45.99462819,13.96278151,39.77526351,39.55682105
31135,yes,predrought,18,225.2546286,495.2219226,26.96799356,4.142857143,8.156757792,Southern Mixed Grasslands,7.417686885,23.94,45.99462819,13.96278151,39.77526351,39.55682105
31137,yes,drought,6,76.89325,440.3018344,28.37060389,3.75,55.58077699,Southern Mixed Grasslands,17.15118564,28.55,19.72931016,8.572901427,60.94521044,45.65033165
31137,yes,postdrought,27,339.5857,617.4220129,26.40969806,1.625,23.30693948,Southern Mixed Grasslands,17.15118564,28.55,19.72931016,8.572901427,60.94521044,45.65033165
31137,yes,predrought,20,245.6997143,571.915436,27.07841555,2.428571429,1.643991621,Southern Mixed Grasslands,17.15118564,28.55,19.72931016,8.572901427,60.94521044,45.65033165
31139,yes,drought,17,218.910375,516.3772726,27.21496971,2.75,20.20298508,Tallgrass Prairie,24.58585859,28.73,46.77596231,13.14395531,36.97774874,43.18471187
31139,yes,postdrought,30,382.740075,637.2448357,25.80400506,0.875,9.197262955,Tallgrass Prairie,24.58585859,28.73,46.77596231,13.14395531,36.97774874,43.18471187
31139,yes,predrought,25,307.7523429,611.4721792,26.32901586,1.857142857,2.058749081,Tallgrass Prairie,24.58585859,28.73,46.77596231,13.14395531,36.97774874,43.18471187
31141,yes,drought,13,162.731225,515.9648651,27.62204052,2.625,15.34884018,Southern Mixed Grasslands,44.94382023,23.57,18.94083577,7.095469736,56.50836426,54.41293462
31141,yes,postdrought,33,415.22355,677.9724325,26.01345947,1.375,12.16629178,Southern Mixed Grasslands,44.94382023,23.57,18.94083577,7.095469736,56.50836426,54.41293462
31141,yes,predrought,28,352.2293714,647.8345172,26.35257656,2,4.157317859,Southern Mixed Grasslands,44.94382023,23.57,18.94083577,7.095469736,56.50836426,54.41293462
31143,yes,drought,11,135.426275,488.5408566,28.09015357,2.875,34.22417771,Southern Mixed Grasslands,8.284517359,31.82,27.66201978,9.481850773,53.2261364,45.53357506
31143,yes,postdrought,30,376.149225,681.8524106,26.42591072,1.25,14.38971595,Southern Mixed Grasslands,8.284517359,31.82,27.66201978,9.481850773,53.2261364,45.53357506
31143,yes,predrought,28,352.7674,632.9099996,26.4929837,1.571428571,1.538691715,Southern Mixed Grasslands,8.284517359,31.82,27.66201978,9.481850773,53.2261364,45.53357506
31145,yes,drought,5,68.73315,425.3166298,28.81497799,4.25,49.08168599,Southern Mixed Grasslands,39.06546104,35.6,13.08417057,7.075068624,66.42337573,47.14432794
31145,yes,postdrought,20,247.470725,578.16106,27.127976,2.5,52.40191742,Southern Mixed Grasslands,39.06546104,35.6,13.08417057,7.075068624,66.42337573,47.14432794
31145,yes,predrought,17,216.8255143,547.7014056,27.65997487,3.428571429,1.872249761,Southern Mixed Grasslands,39.06546104,35.6,13.08417057,7.075068624,66.42337573,47.14432794
31147,yes,drought,20,251.236925,678.275412,28.31987352,2.375,17.59320585,Tallgrass Prairie,67.79617726,50.22,14.27220287,7.311843119,54.99268584,61.70654696
31147,yes,postdrought,38,483.172075,876.2657496,27.02423824,1.625,8.175174906,Tallgrass Prairie,67.79617726,50.22,14.27220287,7.311843119,54.99268584,61.70654696
31147,yes,predrought,31,392.7608572,860.1477144,26.70075294,1.571428571,13.1320467,Tallgrass Prairie,67.79617726,50.22,14.27220287,7.311843119,54.99268584,61.70654696
31149,yes,drought,10,119.8907,438.2772855,26.65574703,3.25,26.98200758,Northern Mixed Grasslands,27.53662816,23.57,85.50113883,17.08791729,8.655021175,32.32634927
31149,yes,postdrought,14,178.423725,568.4978031,25.0572426,1.125,7.73520553,Northern Mixed Grasslands,27.53662816,23.57,85.50113883,17.08791729,8.655021175,32.32634927
31149,yes,predrought,12,153.8761714,522.6751478,25.76689097,2.142857143,5.062249093,Northern Mixed Grasslands,27.53662816,23.57,85.50113883,17.08791729,8.655021175,32.32634927
31151,yes,drought,10,124.2846,531.5919886,27.8666591,2.625,56.88602863,Southern Mixed Grasslands,50.19463087,48.23,20.10852933,8.594465262,55.14619433,54.35006587
31151,yes,postdrought,28,349.158125,734.6559657,26.07869601,0.5,7.087406769,Southern Mixed Grasslands,50.19463087,48.23,20.10852933,8.594465262,55.14619433,54.35006587
31151,yes,predrought,27,341.4688,682.3021751,26.39625321,0.857142857,1.373666249,Southern Mixed Grasslands,50.19463087,48.23,20.10852933,8.594465262,55.14619433,54.35006587
31153,yes,drought,23,286.074275,581.2182106,27.8665057,3.25,23.82677692,Tallgrass Prairie,67.18188915,34.43,12.9506696,5.191092315,57.44185943,56.39471852
31153,yes,postdrought,40,504.35695,792.4052557,26.21956251,1.25,7.968050811,Tallgrass Prairie,67.18188915,34.43,12.9506696,5.191092315,57.44185943,56.39471852
31153,yes,predrought,34,430.9608857,732.8463639,26.21761038,1.428571429,4.725985367,Tallgrass Prairie,67.18188915,34.43,12.9506696,5.191092315,57.44185943,56.39471852
31155,yes,drought,16,195.999325,555.4760156,27.99394336,4.25,28.38446332,Tallgrass Prairie,56.32009143,32.77,21.00537014,10.046064,49.16534177,60.02251873
31155,yes,postdrought,36,457.90715,759.6656835,26.42568162,0.875,13.5620236,Tallgrass Prairie,56.32009143,32.77,21.00537014,10.046064,49.16534177,60.02251873
31155,yes,predrought,29,367.2941714,709.0663947,26.54196429,2,2.59006749,Tallgrass Prairie,56.32009143,32.77,21.00537014,10.046064,49.16534177,60.02251873
31159,yes,drought,13,160.534275,516.4729829,27.85130967,2.125,35.31002639,Southern Mixed Grasslands,53.4273005,47.86,22.39741802,8.522579998,54.5211252,51.64816595
31159,yes,postdrought,32,404.709575,720.6251273,26.30968467,0.375,13.87141935,Southern Mixed Grasslands,53.4273005,47.86,22.39741802,8.522579998,54.5211252,51.64816595
31159,yes,predrought,31,383.9730572,679.5253892,26.5178409,0.428571429,3.333078789,Southern Mixed Grasslands,53.4273005,47.86,22.39741802,8.522579998,54.5211252,51.64816595
31161,yes,drought,8,96.35195,360.2773682,25.84252512,1.75,33.33969249,Northern Mixed Grasslands,22.05043655,24.02,71.8194495,17.41018577,16.82935117,37.20139715
31161,yes,postdrought,14,176.3837,471.7657447,24.57137009,0.375,14.47636401,Northern Mixed Grasslands,22.05043655,24.02,71.8194495,17.41018577,16.82935117,37.20139715
31161,yes,predrought,16,197.4564857,468.6509769,24.71820518,1,1.577390566,Northern Mixed Grasslands,22.05043655,24.02,71.8194495,17.41018577,16.82935117,37.20139715
31163,yes,drought,5,67.7916,452.7785351,27.6884722,2.125,86.65459575,Southern Mixed Grasslands,80.23841652,25.38,17.82670817,8.138679041,61.34443664,45.74425919
31163,yes,postdrought,20,247.3138,599.7687883,26.13149242,1.125,50.83532972,Southern Mixed Grasslands,80.23841652,25.38,17.82670817,8.138679041,61.34443664,45.74425919
31163,yes,predrought,17,216.8255143,566.5726694,26.25696677,2,2.429143919,Southern Mixed Grasslands,80.23841652,25.38,17.82670817,8.138679041,61.34443664,45.74425919
31165,yes,drought,13,163.8297,340.5363807,25.08207122,0.75,47.84557777,Northern Mixed Grasslands,73.04567953,23.94,59.05341977,27.05388983,20.84165698,40.38831867
31165,yes,postdrought,19,238.21215,442.5276671,23.91505886,0.25,40.74899082,Northern Mixed Grasslands,73.04567953,23.94,59.05341977,27.05388983,20.84165698,40.38831867
31165,yes,predrought,17,212.5212857,436.232608,24.10383307,0,10.54336064,Northern Mixed Grasslands,73.04567953,23.94,59.05341977,27.05388983,20.84165698,40.38831867
31167,yes,drought,16,198.510125,535.04691,27.17260417,3.125,11.51967858,Tallgrass Prairie,64.59708193,28.73,23.4986262,7.727250076,53.81871822,51.91252433
31167,yes,postdrought,33,414.752775,680.795938,25.74161457,0.625,13.64953407,Tallgrass Prairie,64.59708193,28.73,23.4986262,7.727250076,53.81871822,51.91252433
31167,yes,predrought,32,402.9834,648.7197622,25.95236508,1.714285714,0.479139261,Tallgrass Prairie,64.59708193,28.73,23.4986262,7.727250076,53.81871822,51.91252433
31169,yes,drought,7,83.954875,532.1824029,28.26810001,1.875,63.56766216,Southern Mixed Grasslands,72.90623494,47.84,19.30468536,8.376943213,56.81688995,52.95291212
31169,yes,postdrought,25,307.88685,745.8137917,26.59991112,0.5,10.18813882,Southern Mixed Grasslands,72.90623494,47.84,19.30468536,8.376943213,56.81688995,52.95291212
31169,yes,predrought,21,260.0471429,660.1466826,26.58080954,1,6.508747844,Southern Mixed Grasslands,72.90623494,47.84,19.30468536,8.376943213,56.81688995,52.95291212
31171,yes,drought,8,94.311925,432.6697095,26.57307589,2,34.02586725,Northern Mixed Grasslands,0.0399883,24.02,92.92683232,15.39699247,3.289811938,37.4013031
31171,yes,postdrought,15,185.7992,541.4780357,25.40265849,1.25,9.40475298,Northern Mixed Grasslands,0.0399883,24.02,92.92683232,15.39699247,3.289811938,37.4013031
31171,yes,predrought,14,179.1635143,529.2834949,25.72093366,2,6.331557923,Northern Mixed Grasslands,0.0399883,24.02,92.92683232,15.39699247,3.289811938,37.4013031
31173,yes,drought,20,251.08,541.1346971,26.80768561,2,16.97098323,Tallgrass Prairie,88.2820941,50.22,9.430539651,5.115488252,63.45365651,56.02010211
31173,yes,postdrought,38,479.87665,676.4806438,25.69064393,0.625,17.66491931,Tallgrass Prairie,88.2820941,50.22,9.430539651,5.115488252,63.45365651,56.02010211
31173,yes,predrought,31,391.1467714,647.918571,25.7442987,0.571428571,1.785405648,Tallgrass Prairie,88.2820941,50.22,9.430539651,5.115488252,63.45365651,56.02010211
31175,yes,drought,7,85.3672,449.8144035,27.36623865,2.375,92.8039653,Southern Mixed Grasslands,78.87012207,25.38,17.97390225,7.580672726,61.79195629,46.69123104
31175,yes,postdrought,21,262.69245,589.7366196,25.71263069,1.375,36.32623129,Southern Mixed Grasslands,78.87012207,25.38,17.97390225,7.580672726,61.79195629,46.69123104
31175,yes,predrought,19,236.3738857,556.8227273,26.23612663,2.571428571,1.385058466,Southern Mixed Grasslands,78.87012207,25.38,17.97390225,7.580672726,61.79195629,46.69123104
31177,yes,drought,23,283.40655,559.8155931,27.52500848,3.625,16.08491817,Tallgrass Prairie,69.9473566,34.43,8.983948876,4.205514543,60.4955555,59.64247315
31177,yes,postdrought,43,545.15745,750.7762285,25.75024152,0.875,11.19098847,Tallgrass Prairie,69.9473566,34.43,8.983948876,4.205514543,60.4955555,59.64247315
31177,yes,predrought,36,447.6397714,695.8572154,25.95693946,1,1.348241436,Tallgrass Prairie,69.9473566,34.43,8.983948876,4.205514543,60.4955555,59.64247315
31179,yes,drought,20,247.62765,527.1265062,26.925006,3.75,12.94059489,Tallgrass Prairie,85.96003475,31.55,9.724684544,4.107844807,60.93326574,61.48519394
31179,yes,postdrought,34,423.6975,638.841747,25.52073192,1,10.98383536,Tallgrass Prairie,85.96003475,31.55,9.724684544,4.107844807,60.93326574,61.48519394
31179,yes,predrought,30,375.7232857,625.063873,26.01920137,1.714285714,0.786092754,Tallgrass Prairie,85.96003475,31.55,9.724684544,4.107844807,60.93326574,61.48519394
31181,yes,drought,5,57.277625,461.405985,28.60871716,3.125,87.59513686,Southern Mixed Grasslands,65.82745888,35.6,16.03230493,7.485593675,61.62016689,50.39829583
31181,yes,postdrought,22,276.658775,659.7587249,26.50940655,0.75,23.369074,Southern Mixed Grasslands,65.82745888,35.6,16.03230493,7.485593675,61.62016689,50.39829583
31181,yes,predrought,18,230.6349143,581.4722942,27.05517749,2,1.687872511,Southern Mixed Grasslands,65.82745888,35.6,16.03230493,7.485593675,61.62016689,50.39829583
31183,yes,drought,10,120.20455,468.2420318,27.15752556,2.25,31.80606061,Northern Mixed Grasslands,1.821853145,23.57,83.03491701,18.07338252,10.90106884,35.31677584
31183,yes,postdrought,20,255.630825,607.1901988,25.50041194,0.875,14.90001838,Northern Mixed Grasslands,1.821853145,23.57,83.03491701,18.07338252,10.90106884,35.31677584
31183,yes,predrought,16,200.5053143,564.3878897,26.07796752,1.142857143,6.663608095,Northern Mixed Grasslands,1.821853145,23.57,83.03491701,18.07338252,10.90106884,35.31677584
31185,yes,drought,9,113.770625,498.2326135,28.06208238,3.25,65.74647441,Southern Mixed Grasslands,24.65433171,47.86,22.86365924,8.403563921,56.28527352,48.28704916
31185,yes,postdrought,30,372.53995,689.3282385,26.33499717,0.875,14.9014303,Southern Mixed Grasslands,24.65433171,47.86,22.86365924,8.403563921,56.28527352,48.28704916
31185,yes,predrought,28,347.9251429,644.4960879,26.6433961,1.571428571,0.793248644,Southern Mixed Grasslands,24.65433171,47.86,22.86365924,8.403563921,56.28527352,48.28704916
